Start Time,24 hr limit
2023-02-16 0:00:00,24
2023-02-16 3:00:00,24
2023-02-16 6:00:00,24
2023-02-16 9:00:00,24
2023-02-16 12:00:00,24
2023-02-16 15:00:00,24
2023-02-16 18:00:00,24
2023-02-16 21:00:00,24
2023-02-17 0:00:00,24
2023-02-17 3:00:00,24
2023-02-17 6:00:00,24
2023-02-17 9:00:00,24
2023-02-17 12:00:00,24
2023-02-17 15:00:00,24
2023-02-17 18:00:00,24
2023-02-17 21:00:00,24
2023-02-18 0:00:00,24
2023-02-18 3:00:00,24
2023-02-18 6:00:00,24
2023-02-18 9:00:00,24
2023-02-18 12:00:00,24
2023-02-18 15:00:00,24
2023-02-18 18:00:00,24
2023-02-18 21:00:00,24
2023-02-19 0:00:00,24
2023-02-19 3:00:00,24
2023-02-19 6:00:00,24
2023-02-19 9:00:00,24
2023-02-19 12:00:00,24
2023-02-19 15:00:00,24
2023-02-19 18:00:00,24
2023-02-19 21:00:00,24
2023-02-20 0:00:00,24
2023-02-20 3:00:00,24
2023-02-20 6:00:00,24
2023-02-20 9:00:00,24
2023-02-20 12:00:00,24
2023-02-20 15:00:00,24
2023-02-20 18:00:00,24
2023-02-20 21:00:00,24
2023-02-21 0:00:00,24
2023-02-21 3:00:00,24
2023-02-21 6:00:00,24
2023-02-21 9:00:00,24
2023-02-21 12:00:00,24
2023-02-21 15:00:00,24
2023-02-21 18:00:00,24
2023-02-21 21:00:00,24
2023-02-22 0:00:00,24
2023-02-22 3:00:00,24
2023-02-22 6:00:00,24
2023-02-22 9:00:00,24
2023-02-22 12:00:00,24
2023-02-22 15:00:00,24
2023-02-22 18:00:00,24
2023-02-22 21:00:00,24
2023-02-23 0:00:00,24
2023-02-23 3:00:00,24
2023-02-23 6:00:00,24
2023-02-23 9:00:00,24
2023-02-23 12:00:00,24
2023-02-23 15:00:00,24
2023-02-23 18:00:00,24
2023-02-23 21:00:00,24
2023-02-24 0:00:00,24
2023-02-24 3:00:00,24
2023-02-24 6:00:00,24
2023-02-24 9:00:00,24
2023-02-24 12:00:00,24
2023-02-24 15:00:00,24
2023-02-24 18:00:00,24
2023-02-24 21:00:00,24
2023-02-25 0:00:00,24
2023-02-25 3:00:00,24
2023-02-25 6:00:00,24
2023-02-25 9:00:00,24
2023-02-25 12:00:00,24
2023-02-25 15:00:00,24
2023-02-25 18:00:00,24
2023-02-25 21:00:00,24
2023-02-26 0:00:00,24
2023-02-26 3:00:00,24
2023-02-26 6:00:00,24
2023-02-26 9:00:00,24
2023-02-26 12:00:00,24
2023-02-26 15:00:00,24
2023-02-26 18:00:00,24
2023-02-26 21:00:00,24
2023-02-27 0:00:00,24
2023-02-27 3:00:00,24
2023-02-27 6:00:00,24
2023-02-27 9:00:00,24
2023-02-27 12:00:00,24
2023-02-27 15:00:00,24
2023-02-27 18:00:00,24
2023-02-27 21:00:00,24
2023-02-28 0:00:00,24
2023-02-28 3:00:00,24
2023-02-28 6:00:00,24
2023-02-28 9:00:00,24
2023-02-28 12:00:00,24
2023-02-28 15:00:00,24
2023-02-28 18:00:00,24
2023-02-28 21:00:00,24
2023-03-01 0:00:00,24
2023-03-01 3:00:00,24
2023-03-01 6:00:00,24
2023-03-01 9:00:00,24
2023-03-01 12:00:00,24
2023-03-01 15:00:00,24
2023-03-01 18:00:00,24
2023-03-01 21:00:00,24
2023-03-02 0:00:00,24
2023-03-02 3:00:00,24
2023-03-02 6:00:00,24
2023-03-02 9:00:00,24
2023-03-02 12:00:00,24
2023-03-02 15:00:00,24
2023-03-02 18:00:00,24
2023-03-02 21:00:00,24
2023-03-03 0:00:00,24
2023-03-03 3:00:00,24
2023-03-03 6:00:00,24
2023-03-03 9:00:00,24
2023-03-03 12:00:00,24
2023-03-03 15:00:00,24
2023-03-03 18:00:00,24
2023-03-03 21:00:00,24
2023-03-04 0:00:00,24
2023-03-04 3:00:00,24
2023-03-04 6:00:00,24
2023-03-04 9:00:00,24
2023-03-04 12:00:00,24
2023-03-04 15:00:00,24
2023-03-04 18:00:00,24
2023-03-04 21:00:00,24
2023-03-05 0:00:00,24
2023-03-05 3:00:00,24
2023-03-05 6:00:00,24
2023-03-05 9:00:00,24
2023-03-05 12:00:00,24
2023-03-05 15:00:00,24
2023-03-05 18:00:00,24
2023-03-05 21:00:00,24
2023-03-06 0:00:00,24
2023-03-06 3:00:00,24
2023-03-06 6:00:00,24
2023-03-06 9:00:00,24
2023-03-06 12:00:00,24
2023-03-06 15:00:00,24
2023-03-06 18:00:00,24
2023-03-06 21:00:00,24
2023-03-07 0:00:00,24
2023-03-07 3:00:00,24
2023-03-07 6:00:00,24
2023-03-07 9:00:00,24
2023-03-07 12:00:00,24
2023-03-07 15:00:00,24
2023-03-07 18:00:00,24
2023-03-07 21:00:00,24
2023-03-08 0:00:00,24
2023-03-08 3:00:00,24
2023-03-08 6:00:00,24
2023-03-08 9:00:00,24
2023-03-08 12:00:00,24
2023-03-08 15:00:00,24
2023-03-08 18:00:00,24
2023-03-08 21:00:00,24
2023-03-09 0:00:00,24
2023-03-09 3:00:00,24
2023-03-09 6:00:00,24
2023-03-09 9:00:00,24
2023-03-09 12:00:00,24
2023-03-09 15:00:00,24
2023-03-09 18:00:00,24
2023-03-09 21:00:00,24
2023-03-10 0:00:00,24
2023-03-10 3:00:00,24
2023-03-10 6:00:00,24
2023-03-10 9:00:00,24
2023-03-10 12:00:00,24
2023-03-10 15:00:00,24
2023-03-10 18:00:00,24
2023-03-10 21:00:00,24
2023-03-11 0:00:00,24
2023-03-11 3:00:00,24
2023-03-11 6:00:00,24
2023-03-11 9:00:00,24
2023-03-11 12:00:00,24
2023-03-11 15:00:00,24
2023-03-11 18:00:00,24
2023-03-11 21:00:00,24
2023-03-12 0:00:00,24
2023-03-12 3:00:00,24
2023-03-12 6:00:00,24
2023-03-12 9:00:00,24
2023-03-12 12:00:00,24
2023-03-12 15:00:00,24
2023-03-12 18:00:00,24
2023-03-12 21:00:00,24
2023-03-13 0:00:00,24
2023-03-13 3:00:00,24
2023-03-13 6:00:00,24
2023-03-13 9:00:00,24
2023-03-13 12:00:00,24
2023-03-13 15:00:00,24
2023-03-13 18:00:00,24
2023-03-13 21:00:00,24
2023-03-14 0:00:00,24
2023-03-14 3:00:00,24
2023-03-14 6:00:00,24
2023-03-14 9:00:00,24
2023-03-14 12:00:00,24
2023-03-14 15:00:00,24
2023-03-14 18:00:00,24
2023-03-14 21:00:00,24
2023-03-15 0:00:00,24
2023-03-15 3:00:00,24
2023-03-15 6:00:00,24
2023-03-15 9:00:00,24
2023-03-15 12:00:00,24
2023-03-15 15:00:00,24
2023-03-15 18:00:00,24
2023-03-15 21:00:00,24
2023-03-16 0:00:00,24
2023-03-16 3:00:00,24
2023-03-16 6:00:00,24
2023-03-16 9:00:00,24
2023-03-16 12:00:00,24
2023-03-16 15:00:00,24
2023-03-16 18:00:00,24
2023-03-16 21:00:00,24
2023-03-17 0:00:00,24
2023-03-17 3:00:00,24
2023-03-17 6:00:00,24
2023-03-17 9:00:00,24
2023-03-17 12:00:00,24
2023-03-17 15:00:00,24
2023-03-17 18:00:00,24
2023-03-17 21:00:00,24
2023-03-18 0:00:00,24
2023-03-18 3:00:00,24
2023-03-18 6:00:00,24
2023-03-18 9:00:00,24
2023-03-18 12:00:00,24
2023-03-18 15:00:00,24
2023-03-18 18:00:00,24
2023-03-18 21:00:00,24
2023-03-19 0:00:00,24
2023-03-19 3:00:00,24
2023-03-19 6:00:00,24
2023-03-19 9:00:00,24
2023-03-19 12:00:00,24
2023-03-19 15:00:00,24
2023-03-19 18:00:00,24
2023-03-19 21:00:00,24
2023-03-20 0:00:00,24
2023-03-20 3:00:00,24
2023-03-20 6:00:00,24
2023-03-20 9:00:00,24
2023-03-20 12:00:00,24
2023-03-20 15:00:00,24
2023-03-20 18:00:00,24
2023-03-20 21:00:00,24
2023-03-21 0:00:00,24
2023-03-21 3:00:00,24
2023-03-21 6:00:00,24
2023-03-21 9:00:00,24
2023-03-21 12:00:00,24
2023-03-21 15:00:00,24
2023-03-21 18:00:00,24
2023-03-21 21:00:00,24
2023-03-22 0:00:00,24
2023-03-22 3:00:00,24
2023-03-22 6:00:00,24
2023-03-22 9:00:00,24
2023-03-22 12:00:00,24
2023-03-22 15:00:00,24
2023-03-22 18:00:00,24
2023-03-22 21:00:00,24
2023-03-23 0:00:00,24
2023-03-23 3:00:00,24
2023-03-23 6:00:00,24
2023-03-23 9:00:00,24
2023-03-23 12:00:00,24
2023-03-23 15:00:00,24
2023-03-23 18:00:00,24
2023-03-23 21:00:00,24
2023-03-24 0:00:00,24
2023-03-24 3:00:00,24
2023-03-24 6:00:00,24
2023-03-24 9:00:00,24
2023-03-24 12:00:00,24
2023-03-24 15:00:00,24
2023-03-24 18:00:00,24
2023-03-24 21:00:00,24
2023-03-25 0:00:00,24
2023-03-25 3:00:00,24
2023-03-25 6:00:00,24
2023-03-25 9:00:00,24
2023-03-25 12:00:00,24
2023-03-25 15:00:00,24
2023-03-25 18:00:00,24
2023-03-25 21:00:00,24
2023-03-26 0:00:00,24
2023-03-26 3:00:00,24
2023-03-26 6:00:00,24
2023-03-26 9:00:00,24
2023-03-26 12:00:00,24
2023-03-26 15:00:00,24
2023-03-26 18:00:00,24
2023-03-26 21:00:00,24
2023-03-27 0:00:00,24
2023-03-27 3:00:00,24
2023-03-27 6:00:00,24
2023-03-27 9:00:00,24
2023-03-27 12:00:00,24
2023-03-27 15:00:00,24
2023-03-27 18:00:00,24
2023-03-27 21:00:00,24
2023-03-28 0:00:00,24
2023-03-28 3:00:00,24
2023-03-28 6:00:00,24
2023-03-28 9:00:00,24
2023-03-28 12:00:00,24
2023-03-28 15:00:00,24
2023-03-28 18:00:00,24
2023-03-28 21:00:00,24
2023-03-29 0:00:00,24
2023-03-29 3:00:00,24
2023-03-29 6:00:00,24
2023-03-29 9:00:00,24
2023-03-29 12:00:00,24
2023-03-29 15:00:00,24
2023-03-29 18:00:00,24
2023-03-29 21:00:00,24
2023-03-30 0:00:00,24
2023-03-30 3:00:00,24
2023-03-30 6:00:00,24
2023-03-30 9:00:00,24
2023-03-30 12:00:00,24
2023-03-30 15:00:00,24
2023-03-30 18:00:00,24
2023-03-30 21:00:00,24
2023-03-31 0:00:00,24
2023-03-31 3:00:00,24
2023-03-31 6:00:00,24
2023-03-31 9:00:00,24
2023-03-31 12:00:00,24
2023-03-31 15:00:00,24
2023-03-31 18:00:00,24
2023-03-31 21:00:00,24
2023-04-01 0:00:00,24
2023-04-01 3:00:00,24
2023-04-01 6:00:00,24
2023-04-01 9:00:00,24
2023-04-01 12:00:00,24
2023-04-01 15:00:00,24
2023-04-01 18:00:00,24
2023-04-01 21:00:00,24
2023-04-02 0:00:00,24
2023-04-02 3:00:00,24
2023-04-02 6:00:00,24
2023-04-02 9:00:00,24
2023-04-02 12:00:00,24
2023-04-02 15:00:00,24
2023-04-02 18:00:00,24
2023-04-02 21:00:00,24
2023-04-03 0:00:00,24
2023-04-03 3:00:00,24
2023-04-03 6:00:00,24
2023-04-03 9:00:00,24
2023-04-03 12:00:00,24
2023-04-03 15:00:00,24
2023-04-03 18:00:00,24
2023-04-03 21:00:00,24
2023-04-04 0:00:00,24
2023-04-04 3:00:00,24
2023-04-04 6:00:00,24
2023-04-04 9:00:00,24
2023-04-04 12:00:00,24
2023-04-04 15:00:00,24
2023-04-04 18:00:00,24
2023-04-04 21:00:00,24
2023-04-05 0:00:00,24
2023-04-05 3:00:00,24
2023-04-05 6:00:00,24
2023-04-05 9:00:00,24
2023-04-05 12:00:00,24
2023-04-05 15:00:00,24
2023-04-05 18:00:00,24
2023-04-05 21:00:00,24
2023-04-06 0:00:00,24
2023-04-06 3:00:00,24
2023-04-06 6:00:00,24
2023-04-06 9:00:00,24
2023-04-06 12:00:00,24
2023-04-06 15:00:00,24
2023-04-06 18:00:00,24
2023-04-06 21:00:00,24
2023-04-07 0:00:00,24
2023-04-07 3:00:00,24
2023-04-07 6:00:00,24
2023-04-07 9:00:00,24
2023-04-07 12:00:00,24
2023-04-07 15:00:00,24
2023-04-07 18:00:00,24
2023-04-07 21:00:00,24
2023-04-08 0:00:00,24
2023-04-08 3:00:00,24
2023-04-08 6:00:00,24
2023-04-08 9:00:00,24
2023-04-08 12:00:00,24
2023-04-08 15:00:00,24
2023-04-08 18:00:00,24
2023-04-08 21:00:00,24
2023-04-09 0:00:00,24
2023-04-09 3:00:00,24
2023-04-09 6:00:00,24
2023-04-09 9:00:00,24
2023-04-09 12:00:00,24
2023-04-09 15:00:00,24
2023-04-09 18:00:00,24
2023-04-09 21:00:00,24
2023-04-10 0:00:00,24
2023-04-10 3:00:00,24
2023-04-10 6:00:00,24
2023-04-10 9:00:00,24
2023-04-10 12:00:00,24
2023-04-10 15:00:00,24
2023-04-10 18:00:00,24
2023-04-10 21:00:00,24
2023-04-11 0:00:00,24
2023-04-11 3:00:00,24
2023-04-11 6:00:00,24
2023-04-11 9:00:00,24
2023-04-11 12:00:00,24
2023-04-11 15:00:00,24
2023-04-11 18:00:00,24
2023-04-11 21:00:00,24
2023-04-12 0:00:00,24
2023-04-12 3:00:00,24
2023-04-12 6:00:00,24
2023-04-12 9:00:00,24
2023-04-12 12:00:00,24
2023-04-12 15:00:00,24
2023-04-12 18:00:00,24
2023-04-12 21:00:00,24
2023-04-13 0:00:00,24
2023-04-13 3:00:00,24
2023-04-13 6:00:00,24
2023-04-13 9:00:00,24
2023-04-13 12:00:00,24
2023-04-13 15:00:00,24
2023-04-13 18:00:00,24
2023-04-13 21:00:00,24
2023-04-14 0:00:00,24
2023-04-14 3:00:00,24
2023-04-14 6:00:00,24
2023-04-14 9:00:00,24
2023-04-14 12:00:00,24
2023-04-14 15:00:00,24
2023-04-14 18:00:00,24
2023-04-14 21:00:00,24
2023-04-15 0:00:00,24
2023-04-15 3:00:00,24
2023-04-15 6:00:00,24
2023-04-15 9:00:00,24
2023-04-15 12:00:00,24
2023-04-15 15:00:00,24
2023-04-15 18:00:00,24
2023-04-15 21:00:00,24
2023-04-16 0:00:00,24
2023-04-16 3:00:00,24
2023-04-16 6:00:00,24
2023-04-16 9:00:00,24
2023-04-16 12:00:00,24
2023-04-16 15:00:00,24
2023-04-16 18:00:00,24
2023-04-16 21:00:00,24
2023-04-17 0:00:00,24
2023-04-17 3:00:00,24
2023-04-17 6:00:00,24
2023-04-17 9:00:00,24
2023-04-17 12:00:00,24
2023-04-17 15:00:00,24
2023-04-17 18:00:00,24
2023-04-17 21:00:00,24
2023-04-18 0:00:00,24
2023-04-18 3:00:00,24
2023-04-18 6:00:00,24
2023-04-18 9:00:00,24
2023-04-18 12:00:00,24
2023-04-18 15:00:00,24
2023-04-18 18:00:00,24
2023-04-18 21:00:00,24
2023-04-19 0:00:00,24
2023-04-19 3:00:00,24
2023-04-19 6:00:00,24
2023-04-19 9:00:00,24
2023-04-19 12:00:00,24
2023-04-19 15:00:00,24
2023-04-19 18:00:00,24
2023-04-19 21:00:00,24
2023-04-20 0:00:00,24
2023-04-20 3:00:00,24
2023-04-20 6:00:00,24
2023-04-20 9:00:00,24
2023-04-20 12:00:00,24
2023-04-20 15:00:00,24
2023-04-20 18:00:00,24
2023-04-20 21:00:00,24
2023-04-21 0:00:00,24
2023-04-21 3:00:00,24
2023-04-21 6:00:00,24
2023-04-21 9:00:00,24
2023-04-21 12:00:00,24
2023-04-21 15:00:00,24
2023-04-21 18:00:00,24
2023-04-21 21:00:00,24
2023-04-22 0:00:00,24
2023-04-22 3:00:00,24
2023-04-22 6:00:00,24
2023-04-22 9:00:00,24
2023-04-22 12:00:00,24
2023-04-22 15:00:00,24
2023-04-22 18:00:00,24
2023-04-22 21:00:00,24
2023-04-23 0:00:00,24
2023-04-23 3:00:00,24
2023-04-23 6:00:00,24
2023-04-23 9:00:00,24
2023-04-23 12:00:00,24
2023-04-23 15:00:00,24
2023-04-23 18:00:00,24
2023-04-23 21:00:00,24
2023-04-24 0:00:00,24
2023-04-24 3:00:00,24
2023-04-24 6:00:00,24
2023-04-24 9:00:00,24
2023-04-24 12:00:00,24
2023-04-24 15:00:00,24
2023-04-24 18:00:00,24
2023-04-24 21:00:00,24
2023-04-25 0:00:00,24
2023-04-25 3:00:00,24
2023-04-25 6:00:00,24
2023-04-25 9:00:00,24
2023-04-25 12:00:00,24
2023-04-25 15:00:00,24
2023-04-25 18:00:00,24
2023-04-25 21:00:00,24
2023-04-26 0:00:00,24
2023-04-26 3:00:00,24
2023-04-26 6:00:00,24
2023-04-26 9:00:00,24
2023-04-26 12:00:00,24
2023-04-26 15:00:00,24
2023-04-26 18:00:00,24
2023-04-26 21:00:00,24
2023-04-27 0:00:00,24
2023-04-27 3:00:00,24
2023-04-27 6:00:00,24
2023-04-27 9:00:00,24
2023-04-27 12:00:00,24
2023-04-27 15:00:00,24
2023-04-27 18:00:00,24
2023-04-27 21:00:00,24
2023-04-28 0:00:00,24
2023-04-28 3:00:00,24
2023-04-28 6:00:00,24
2023-04-28 9:00:00,24
2023-04-28 12:00:00,24
2023-04-28 15:00:00,24
2023-04-28 18:00:00,24
2023-04-28 21:00:00,24
2023-04-29 0:00:00,24
2023-04-29 3:00:00,24
2023-04-29 6:00:00,24
2023-04-29 9:00:00,24
2023-04-29 12:00:00,24
2023-04-29 15:00:00,24
2023-04-29 18:00:00,24
2023-04-29 21:00:00,24
2023-04-30 0:00:00,24
2023-04-30 3:00:00,24
2023-04-30 6:00:00,24
2023-04-30 9:00:00,24
2023-04-30 12:00:00,24
2023-04-30 15:00:00,24
2023-04-30 18:00:00,24
2023-04-30 21:00:00,24
2023-05-01 0:00:00,24
2023-05-01 3:00:00,24
2023-05-01 6:00:00,24
2023-05-01 9:00:00,24
2023-05-01 12:00:00,24
2023-05-01 15:00:00,24
2023-05-01 18:00:00,24
2023-05-01 21:00:00,24
2023-05-02 0:00:00,24
2023-05-02 3:00:00,24
2023-05-02 6:00:00,24
2023-05-02 9:00:00,24
2023-05-02 12:00:00,24
2023-05-02 15:00:00,24
2023-05-02 18:00:00,24
2023-05-02 21:00:00,24
2023-05-03 0:00:00,24
2023-05-03 3:00:00,24
2023-05-03 6:00:00,24
2023-05-03 9:00:00,24
2023-05-03 12:00:00,24
2023-05-03 15:00:00,24
2023-05-03 18:00:00,24
2023-05-03 21:00:00,24
2023-05-04 0:00:00,24
2023-05-04 3:00:00,24
2023-05-04 6:00:00,24
2023-05-04 9:00:00,24
2023-05-04 12:00:00,24
2023-05-04 15:00:00,24
2023-05-04 18:00:00,24
2023-05-04 21:00:00,24
2023-05-05 0:00:00,24
2023-05-05 3:00:00,24
2023-05-05 6:00:00,24
2023-05-05 9:00:00,24
2023-05-05 12:00:00,24
2023-05-05 15:00:00,24
2023-05-05 18:00:00,24
2023-05-05 21:00:00,24
2023-05-06 0:00:00,24
2023-05-06 3:00:00,24
2023-05-06 6:00:00,24
2023-05-06 9:00:00,24
2023-05-06 12:00:00,24
2023-05-06 15:00:00,24
2023-05-06 18:00:00,24
2023-05-06 21:00:00,24
2023-05-07 0:00:00,24
2023-05-07 3:00:00,24
2023-05-07 6:00:00,24
2023-05-07 9:00:00,24
2023-05-07 12:00:00,24
2023-05-07 15:00:00,24
2023-05-07 18:00:00,24
2023-05-07 21:00:00,24
2023-05-08 0:00:00,24
2023-05-08 3:00:00,24
2023-05-08 6:00:00,24
2023-05-08 9:00:00,24
2023-05-08 12:00:00,24
2023-05-08 15:00:00,24
2023-05-08 18:00:00,24
2023-05-08 21:00:00,24
2023-05-09 0:00:00,24
2023-05-09 3:00:00,24
2023-05-09 6:00:00,24
2023-05-09 9:00:00,24
2023-05-09 12:00:00,24
2023-05-09 15:00:00,24
2023-05-09 18:00:00,24
2023-05-09 21:00:00,24
2023-05-10 0:00:00,24
2023-05-10 3:00:00,24
2023-05-10 6:00:00,24
2023-05-10 9:00:00,24
2023-05-10 12:00:00,24
2023-05-10 15:00:00,24
2023-05-10 18:00:00,24
2023-05-10 21:00:00,24
2023-05-11 0:00:00,24
2023-05-11 3:00:00,24
2023-05-11 6:00:00,24
2023-05-11 9:00:00,24
2023-05-11 12:00:00,24
2023-05-11 15:00:00,24
2023-05-11 18:00:00,24
2023-05-11 21:00:00,24
2023-05-12 0:00:00,24
2023-05-12 3:00:00,24
2023-05-12 6:00:00,24
2023-05-12 9:00:00,24
2023-05-12 12:00:00,24
2023-05-12 15:00:00,24
2023-05-12 18:00:00,24
2023-05-12 21:00:00,24
2023-05-13 0:00:00,24
2023-05-13 3:00:00,24
2023-05-13 6:00:00,24
2023-05-13 9:00:00,24
2023-05-13 12:00:00,24
2023-05-13 15:00:00,24
2023-05-13 18:00:00,24
2023-05-13 21:00:00,24
2023-05-14 0:00:00,24
2023-05-14 3:00:00,24
2023-05-14 6:00:00,24
2023-05-14 9:00:00,24
2023-05-14 12:00:00,24
2023-05-14 15:00:00,24
2023-05-14 18:00:00,24
2023-05-14 21:00:00,24
2023-05-15 0:00:00,24
2023-05-15 3:00:00,24
2023-05-15 6:00:00,24
2023-05-15 9:00:00,24
2023-05-15 12:00:00,24
2023-05-15 15:00:00,24
2023-05-15 18:00:00,24
2023-05-15 21:00:00,24
2023-05-16 0:00:00,24
2023-05-16 3:00:00,24
2023-05-16 6:00:00,24
2023-05-16 9:00:00,24
2023-05-16 12:00:00,24
2023-05-16 15:00:00,24
2023-05-16 18:00:00,24
2023-05-16 21:00:00,24
2023-05-17 0:00:00,24
2023-05-17 3:00:00,24
2023-05-17 6:00:00,24
2023-05-17 9:00:00,24
2023-05-17 12:00:00,24
2023-05-17 15:00:00,24
2023-05-17 18:00:00,24
2023-05-17 21:00:00,24
2023-05-18 0:00:00,24
2023-05-18 3:00:00,24
2023-05-18 6:00:00,24
2023-05-18 9:00:00,24
2023-05-18 12:00:00,24
2023-05-18 15:00:00,24
2023-05-18 18:00:00,24
2023-05-18 21:00:00,24
2023-05-19 0:00:00,24
2023-05-19 3:00:00,24
2023-05-19 6:00:00,24
2023-05-19 9:00:00,24
2023-05-19 12:00:00,24
2023-05-19 15:00:00,24
2023-05-19 18:00:00,24
2023-05-19 21:00:00,24
2023-05-20 0:00:00,24
2023-05-20 3:00:00,24
2023-05-20 6:00:00,24
2023-05-20 9:00:00,24
2023-05-20 12:00:00,24
2023-05-20 15:00:00,24
2023-05-20 18:00:00,24
2023-05-20 21:00:00,24
2023-05-21 0:00:00,24
2023-05-21 3:00:00,24
2023-05-21 6:00:00,24
2023-05-21 9:00:00,24
2023-05-21 12:00:00,24
2023-05-21 15:00:00,24
2023-05-21 18:00:00,24
2023-05-21 21:00:00,24
2023-05-22 0:00:00,24
2023-05-22 3:00:00,24
2023-05-22 6:00:00,24
2023-05-22 9:00:00,24
2023-05-22 12:00:00,24
2023-05-22 15:00:00,24
2023-05-22 18:00:00,24
2023-05-22 21:00:00,24
2023-05-23 0:00:00,24
2023-05-23 3:00:00,24
2023-05-23 6:00:00,24
2023-05-23 9:00:00,24
2023-05-23 12:00:00,24
2023-05-23 15:00:00,24
2023-05-23 18:00:00,24
2023-05-23 21:00:00,24
2023-05-24 0:00:00,24
2023-05-24 3:00:00,24
2023-05-24 6:00:00,24
2023-05-24 9:00:00,24
2023-05-24 12:00:00,24
2023-05-24 15:00:00,24
2023-05-24 18:00:00,24
2023-05-24 21:00:00,24
2023-05-25 0:00:00,24
2023-05-25 3:00:00,24
2023-05-25 6:00:00,24
2023-05-25 9:00:00,24
2023-05-25 12:00:00,24
2023-05-25 15:00:00,24
2023-05-25 18:00:00,24
2023-05-25 21:00:00,24
2023-05-26 0:00:00,24
2023-05-26 3:00:00,24
2023-05-26 6:00:00,24
2023-05-26 9:00:00,24
2023-05-26 12:00:00,24
2023-05-26 15:00:00,24
2023-05-26 18:00:00,24
2023-05-26 21:00:00,24
2023-05-27 0:00:00,24
2023-05-27 3:00:00,24
2023-05-27 6:00:00,24
2023-05-27 9:00:00,24
2023-05-27 12:00:00,24
2023-05-27 15:00:00,24
2023-05-27 18:00:00,24
2023-05-27 21:00:00,24
2023-05-28 0:00:00,24
2023-05-28 3:00:00,24
2023-05-28 6:00:00,24
2023-05-28 9:00:00,24
2023-05-28 12:00:00,24
2023-05-28 15:00:00,24
2023-05-28 18:00:00,24
2023-05-28 21:00:00,24
2023-05-29 0:00:00,24
2023-05-29 3:00:00,24
2023-05-29 6:00:00,24
2023-05-29 9:00:00,24
2023-05-29 12:00:00,24
2023-05-29 15:00:00,24
2023-05-29 18:00:00,24
2023-05-29 21:00:00,24
2023-05-30 0:00:00,24
2023-05-30 3:00:00,24
2023-05-30 6:00:00,24
2023-05-30 9:00:00,24
2023-05-30 12:00:00,24
2023-05-30 15:00:00,24
2023-05-30 18:00:00,24
2023-05-30 21:00:00,24
2023-05-31 0:00:00,24
2023-05-31 3:00:00,24
2023-05-31 6:00:00,24
2023-05-31 9:00:00,24
2023-05-31 12:00:00,24
2023-05-31 15:00:00,24
2023-05-31 18:00:00,24
2023-05-31 21:00:00,24
2023-06-01 0:00:00,24
2023-06-01 3:00:00,24
2023-06-01 6:00:00,24
2023-06-01 9:00:00,24
2023-06-01 12:00:00,24
2023-06-01 15:00:00,24
2023-06-01 18:00:00,24
2023-06-01 21:00:00,24
2023-06-02 0:00:00,24
2023-06-02 3:00:00,24
2023-06-02 6:00:00,24
2023-06-02 9:00:00,24
2023-06-02 12:00:00,24
2023-06-02 15:00:00,24
2023-06-02 18:00:00,24
2023-06-02 21:00:00,24
2023-06-03 0:00:00,24
2023-06-03 3:00:00,24
2023-06-03 6:00:00,24
2023-06-03 9:00:00,24
2023-06-03 12:00:00,24
2023-06-03 15:00:00,24
2023-06-03 18:00:00,24
2023-06-03 21:00:00,24
2023-06-04 0:00:00,24
2023-06-04 3:00:00,24
2023-06-04 6:00:00,24
2023-06-04 9:00:00,24
2023-06-04 12:00:00,24
2023-06-04 15:00:00,24
2023-06-04 18:00:00,24
2023-06-04 21:00:00,24
2023-06-05 0:00:00,24
2023-06-05 3:00:00,24
2023-06-05 6:00:00,24
2023-06-05 9:00:00,24
2023-06-05 12:00:00,24
2023-06-05 15:00:00,24
2023-06-05 18:00:00,24
2023-06-05 21:00:00,24
2023-06-06 0:00:00,24
2023-06-06 3:00:00,24
2023-06-06 6:00:00,24
2023-06-06 9:00:00,24
2023-06-06 12:00:00,24
2023-06-06 15:00:00,24
2023-06-06 18:00:00,24
2023-06-06 21:00:00,24
2023-06-07 0:00:00,24
2023-06-07 3:00:00,24
2023-06-07 6:00:00,24
2023-06-07 9:00:00,24
2023-06-07 12:00:00,24
2023-06-07 15:00:00,24
2023-06-07 18:00:00,24
2023-06-07 21:00:00,24
2023-06-08 0:00:00,24
2023-06-08 3:00:00,24
2023-06-08 6:00:00,24
2023-06-08 9:00:00,24
2023-06-08 12:00:00,24
2023-06-08 15:00:00,24
2023-06-08 18:00:00,24
2023-06-08 21:00:00,24
2023-06-09 0:00:00,24
2023-06-09 3:00:00,24
2023-06-09 6:00:00,24
2023-06-09 9:00:00,24
2023-06-09 12:00:00,24
2023-06-09 15:00:00,24
2023-06-09 18:00:00,24
2023-06-09 21:00:00,24
2023-06-10 0:00:00,24
2023-06-10 3:00:00,24
2023-06-10 6:00:00,24
2023-06-10 9:00:00,24
2023-06-10 12:00:00,24
2023-06-10 15:00:00,24
2023-06-10 18:00:00,24
2023-06-10 21:00:00,24
2023-06-11 0:00:00,24
2023-06-11 3:00:00,24
2023-06-11 6:00:00,24
2023-06-11 9:00:00,24
2023-06-11 12:00:00,24
2023-06-11 15:00:00,24
2023-06-11 18:00:00,24
2023-06-11 21:00:00,24
2023-06-12 0:00:00,24
2023-06-12 3:00:00,24
2023-06-12 6:00:00,24
2023-06-12 9:00:00,24
2023-06-12 12:00:00,24
2023-06-12 15:00:00,24
2023-06-12 18:00:00,24
2023-06-12 21:00:00,24
2023-06-13 0:00:00,24
2023-06-13 3:00:00,24
2023-06-13 6:00:00,24
2023-06-13 9:00:00,24
2023-06-13 12:00:00,24
2023-06-13 15:00:00,24
2023-06-13 18:00:00,24
2023-06-13 21:00:00,24
2023-06-14 0:00:00,24
2023-06-14 3:00:00,24
2023-06-14 6:00:00,24
2023-06-14 9:00:00,24
2023-06-14 12:00:00,24
2023-06-14 15:00:00,24
2023-06-14 18:00:00,24
2023-06-14 21:00:00,24
2023-06-15 0:00:00,24
2023-06-15 3:00:00,24
2023-06-15 6:00:00,24
2023-06-15 9:00:00,24
2023-06-15 12:00:00,24
2023-06-15 15:00:00,24
2023-06-15 18:00:00,24
2023-06-15 21:00:00,24
2023-06-16 0:00:00,24
2023-06-16 3:00:00,24
2023-06-16 6:00:00,24
2023-06-16 9:00:00,24
2023-06-16 12:00:00,24
2023-06-16 15:00:00,24
2023-06-16 18:00:00,24
2023-06-16 21:00:00,24
2023-06-17 0:00:00,24
2023-06-17 3:00:00,24
2023-06-17 6:00:00,24
2023-06-17 9:00:00,24
2023-06-17 12:00:00,24
2023-06-17 15:00:00,24
2023-06-17 18:00:00,24
2023-06-17 21:00:00,24
2023-06-18 0:00:00,24
2023-06-18 3:00:00,24
2023-06-18 6:00:00,24
2023-06-18 9:00:00,24
2023-06-18 12:00:00,24
2023-06-18 15:00:00,24
2023-06-18 18:00:00,24
2023-06-18 21:00:00,24
2023-06-19 0:00:00,24
2023-06-19 3:00:00,24
2023-06-19 6:00:00,24
2023-06-19 9:00:00,24
2023-06-19 12:00:00,24
2023-06-19 15:00:00,24
2023-06-19 18:00:00,24
2023-06-19 21:00:00,24
2023-06-20 0:00:00,24
2023-06-20 3:00:00,24
2023-06-20 6:00:00,24
2023-06-20 9:00:00,24
2023-06-20 12:00:00,24
2023-06-20 15:00:00,24
2023-06-20 18:00:00,24
2023-06-20 21:00:00,24
2023-06-21 0:00:00,24
2023-06-21 3:00:00,24
2023-06-21 6:00:00,24
2023-06-21 9:00:00,24
2023-06-21 12:00:00,24
2023-06-21 15:00:00,24
2023-06-21 18:00:00,24
2023-06-21 21:00:00,24
2023-06-22 0:00:00,24
2023-06-22 3:00:00,24
2023-06-22 6:00:00,24
2023-06-22 9:00:00,24
2023-06-22 12:00:00,24
2023-06-22 15:00:00,24
2023-06-22 18:00:00,24
2023-06-22 21:00:00,24
2023-06-23 0:00:00,24
2023-06-23 3:00:00,24
2023-06-23 6:00:00,24
2023-06-23 9:00:00,24
2023-06-23 12:00:00,24
2023-06-23 15:00:00,24
2023-06-23 18:00:00,24
2023-06-23 21:00:00,24
2023-06-24 0:00:00,24
2023-06-24 3:00:00,24
2023-06-24 6:00:00,24
2023-06-24 9:00:00,24
2023-06-24 12:00:00,24
2023-06-24 15:00:00,24
2023-06-24 18:00:00,24
2023-06-24 21:00:00,24
2023-06-25 0:00:00,24
2023-06-25 3:00:00,24
2023-06-25 6:00:00,24
2023-06-25 9:00:00,24
2023-06-25 12:00:00,24
2023-06-25 15:00:00,24
2023-06-25 18:00:00,24
2023-06-25 21:00:00,24
2023-06-26 0:00:00,24
2023-06-26 3:00:00,24
2023-06-26 6:00:00,24
2023-06-26 9:00:00,24
2023-06-26 12:00:00,24
2023-06-26 15:00:00,24
2023-06-26 18:00:00,24
2023-06-26 21:00:00,24
2023-06-27 0:00:00,24
2023-06-27 3:00:00,24
2023-06-27 6:00:00,24
2023-06-27 9:00:00,24
2023-06-27 12:00:00,24
2023-06-27 15:00:00,24
2023-06-27 18:00:00,24
2023-06-27 21:00:00,24
2023-06-28 0:00:00,24
2023-06-28 3:00:00,24
2023-06-28 6:00:00,24
2023-06-28 9:00:00,24
2023-06-28 12:00:00,24
2023-06-28 15:00:00,24
2023-06-28 18:00:00,24
2023-06-28 21:00:00,24
2023-06-29 0:00:00,24
2023-06-29 3:00:00,24
2023-06-29 6:00:00,24
2023-06-29 9:00:00,24
2023-06-29 12:00:00,24
2023-06-29 15:00:00,24
2023-06-29 18:00:00,24
2023-06-29 21:00:00,24
2023-06-30 0:00:00,24
2023-06-30 3:00:00,24
2023-06-30 6:00:00,24
2023-06-30 9:00:00,24
2023-06-30 12:00:00,24
2023-06-30 15:00:00,24
2023-06-30 18:00:00,24
2023-06-30 21:00:00,24
2023-07-01 0:00:00,24
2023-07-01 3:00:00,24
2023-07-01 6:00:00,24
2023-07-01 9:00:00,24
2023-07-01 12:00:00,24
2023-07-01 15:00:00,24
2023-07-01 18:00:00,24
2023-07-01 21:00:00,24
2023-07-02 0:00:00,24
2023-07-02 3:00:00,24
2023-07-02 6:00:00,24
2023-07-02 9:00:00,24
2023-07-02 12:00:00,24
2023-07-02 15:00:00,24
2023-07-02 18:00:00,24
2023-07-02 21:00:00,24
2023-07-03 0:00:00,24
2023-07-03 3:00:00,24
2023-07-03 6:00:00,24
2023-07-03 9:00:00,24
2023-07-03 12:00:00,24
2023-07-03 15:00:00,24
2023-07-03 18:00:00,24
2023-07-03 21:00:00,24
2023-07-04 0:00:00,24
2023-07-04 3:00:00,24
2023-07-04 6:00:00,24
2023-07-04 9:00:00,24
2023-07-04 12:00:00,24
2023-07-04 15:00:00,24
2023-07-04 18:00:00,24
2023-07-04 21:00:00,24
2023-07-05 0:00:00,24
2023-07-05 3:00:00,24
2023-07-05 6:00:00,24
2023-07-05 9:00:00,24
2023-07-05 12:00:00,24
2023-07-05 15:00:00,24
2023-07-05 18:00:00,24
2023-07-05 21:00:00,24
2023-07-06 0:00:00,24
2023-07-06 3:00:00,24
2023-07-06 6:00:00,24
2023-07-06 9:00:00,24
2023-07-06 12:00:00,24
2023-07-06 15:00:00,24
2023-07-06 18:00:00,24
2023-07-06 21:00:00,24
2023-07-07 0:00:00,24
2023-07-07 3:00:00,24
2023-07-07 6:00:00,24
2023-07-07 9:00:00,24
2023-07-07 12:00:00,24
2023-07-07 15:00:00,24
2023-07-07 18:00:00,24
2023-07-07 21:00:00,24
2023-07-08 0:00:00,24
2023-07-08 3:00:00,24
2023-07-08 6:00:00,24
2023-07-08 9:00:00,24
2023-07-08 12:00:00,24
2023-07-08 15:00:00,24
2023-07-08 18:00:00,24
2023-07-08 21:00:00,24
2023-07-09 0:00:00,24
2023-07-09 3:00:00,24
2023-07-09 6:00:00,24
2023-07-09 9:00:00,24
2023-07-09 12:00:00,24
2023-07-09 15:00:00,24
2023-07-09 18:00:00,24
2023-07-09 21:00:00,24
2023-07-10 0:00:00,24
2023-07-10 3:00:00,24
2023-07-10 6:00:00,24
2023-07-10 9:00:00,24
2023-07-10 12:00:00,24
2023-07-10 15:00:00,24
2023-07-10 18:00:00,24
2023-07-10 21:00:00,24
2023-07-11 0:00:00,24
2023-07-11 3:00:00,24
2023-07-11 6:00:00,24
2023-07-11 9:00:00,24
2023-07-11 12:00:00,24
2023-07-11 15:00:00,24
2023-07-11 18:00:00,24
2023-07-11 21:00:00,24
2023-07-12 0:00:00,24
2023-07-12 3:00:00,24
2023-07-12 6:00:00,24
2023-07-12 9:00:00,24
2023-07-12 12:00:00,24
2023-07-12 15:00:00,24
2023-07-12 18:00:00,24
2023-07-12 21:00:00,24
2023-07-13 0:00:00,24
2023-07-13 3:00:00,24
2023-07-13 6:00:00,24
2023-07-13 9:00:00,24
2023-07-13 12:00:00,24
2023-07-13 15:00:00,24
2023-07-13 18:00:00,24
2023-07-13 21:00:00,24
2023-07-14 0:00:00,24
2023-07-14 3:00:00,24
2023-07-14 6:00:00,24
2023-07-14 9:00:00,24
2023-07-14 12:00:00,24
2023-07-14 15:00:00,24
2023-07-14 18:00:00,24
2023-07-14 21:00:00,24
2023-07-15 0:00:00,24
2023-07-15 3:00:00,24
2023-07-15 6:00:00,24
2023-07-15 9:00:00,24
2023-07-15 12:00:00,24
2023-07-15 15:00:00,24
2023-07-15 18:00:00,24
2023-07-15 21:00:00,24
2023-07-16 0:00:00,24
2023-07-16 3:00:00,24
2023-07-16 6:00:00,24
2023-07-16 9:00:00,24
2023-07-16 12:00:00,24
2023-07-16 15:00:00,24
2023-07-16 18:00:00,24
2023-07-16 21:00:00,24
2023-07-17 0:00:00,24
2023-07-17 3:00:00,24
2023-07-17 6:00:00,24
2023-07-17 9:00:00,24
2023-07-17 12:00:00,24
2023-07-17 15:00:00,24
2023-07-17 18:00:00,24
2023-07-17 21:00:00,24
2023-07-18 0:00:00,24
2023-07-18 3:00:00,24
2023-07-18 6:00:00,24
2023-07-18 9:00:00,24
2023-07-18 12:00:00,24
2023-07-18 15:00:00,24
2023-07-18 18:00:00,24
2023-07-18 21:00:00,24
2023-07-19 0:00:00,24
2023-07-19 3:00:00,24
2023-07-19 6:00:00,24
2023-07-19 9:00:00,24
2023-07-19 12:00:00,24
2023-07-19 15:00:00,24
2023-07-19 18:00:00,24
2023-07-19 21:00:00,24
2023-07-20 0:00:00,24
2023-07-20 3:00:00,24
2023-07-20 6:00:00,24
2023-07-20 9:00:00,24
2023-07-20 12:00:00,24
2023-07-20 15:00:00,24
2023-07-20 18:00:00,24
2023-07-20 21:00:00,24
2023-07-21 0:00:00,24
2023-07-21 3:00:00,24
2023-07-21 6:00:00,24
2023-07-21 9:00:00,24
2023-07-21 12:00:00,24
2023-07-21 15:00:00,24
2023-07-21 18:00:00,24
2023-07-21 21:00:00,24
2023-07-22 0:00:00,24
2023-07-22 3:00:00,24
2023-07-22 6:00:00,24
2023-07-22 9:00:00,24
2023-07-22 12:00:00,24
2023-07-22 15:00:00,24
2023-07-22 18:00:00,24
2023-07-22 21:00:00,24
2023-07-23 0:00:00,24
2023-07-23 3:00:00,24
2023-07-23 6:00:00,24
2023-07-23 9:00:00,24
2023-07-23 12:00:00,24
2023-07-23 15:00:00,24
2023-07-23 18:00:00,24
2023-07-23 21:00:00,24
2023-07-24 0:00:00,24
2023-07-24 3:00:00,24
2023-07-24 6:00:00,24
2023-07-24 9:00:00,24
2023-07-24 12:00:00,24
2023-07-24 15:00:00,24
2023-07-24 18:00:00,24
2023-07-24 21:00:00,24
2023-07-25 0:00:00,24
2023-07-25 3:00:00,24
2023-07-25 6:00:00,24
2023-07-25 9:00:00,24
2023-07-25 12:00:00,24
2023-07-25 15:00:00,24
2023-07-25 18:00:00,24
2023-07-25 21:00:00,24
2023-07-26 0:00:00,24
2023-07-26 3:00:00,24
2023-07-26 6:00:00,24
2023-07-26 9:00:00,24
2023-07-26 12:00:00,24
2023-07-26 15:00:00,24
2023-07-26 18:00:00,24
2023-07-26 21:00:00,24
2023-07-27 0:00:00,24
2023-07-27 3:00:00,24
2023-07-27 6:00:00,24
2023-07-27 9:00:00,24
2023-07-27 12:00:00,24
2023-07-27 15:00:00,24
2023-07-27 18:00:00,24
2023-07-27 21:00:00,24
2023-07-28 0:00:00,24
2023-07-28 3:00:00,24
2023-07-28 6:00:00,24
2023-07-28 9:00:00,24
2023-07-28 12:00:00,24
2023-07-28 15:00:00,24
2023-07-28 18:00:00,24
2023-07-28 21:00:00,24
2023-07-29 0:00:00,24
2023-07-29 3:00:00,24
2023-07-29 6:00:00,24
2023-07-29 9:00:00,24
2023-07-29 12:00:00,24
2023-07-29 15:00:00,24
2023-07-29 18:00:00,24
2023-07-29 21:00:00,24
2023-07-30 0:00:00,24
2023-07-30 3:00:00,24
2023-07-30 6:00:00,24
2023-07-30 9:00:00,24
2023-07-30 12:00:00,24
2023-07-30 15:00:00,24
2023-07-30 18:00:00,24
2023-07-30 21:00:00,24
2023-07-31 0:00:00,24
2023-07-31 3:00:00,24
2023-07-31 6:00:00,24
2023-07-31 9:00:00,24
2023-07-31 12:00:00,24
2023-07-31 15:00:00,24
2023-07-31 18:00:00,24
2023-07-31 21:00:00,24
2023-08-01 0:00:00,24
2023-08-01 3:00:00,24
2023-08-01 6:00:00,24
2023-08-01 9:00:00,24
2023-08-01 12:00:00,24
2023-08-01 15:00:00,24
2023-08-01 18:00:00,24
2023-08-01 21:00:00,24
2023-08-02 0:00:00,24
2023-08-02 3:00:00,24
2023-08-02 6:00:00,24
2023-08-02 9:00:00,24
2023-08-02 12:00:00,24
2023-08-02 15:00:00,24
2023-08-02 18:00:00,24
2023-08-02 21:00:00,24
2023-08-03 0:00:00,24
2023-08-03 3:00:00,24
2023-08-03 6:00:00,24
2023-08-03 9:00:00,24
2023-08-03 12:00:00,24
2023-08-03 15:00:00,24
2023-08-03 18:00:00,24
2023-08-03 21:00:00,24
2023-08-04 0:00:00,24
2023-08-04 3:00:00,24
2023-08-04 6:00:00,24
2023-08-04 9:00:00,24
2023-08-04 12:00:00,24
2023-08-04 15:00:00,24
2023-08-04 18:00:00,24
2023-08-04 21:00:00,24
2023-08-05 0:00:00,24
2023-08-05 3:00:00,24
2023-08-05 6:00:00,24
2023-08-05 9:00:00,24
2023-08-05 12:00:00,24
2023-08-05 15:00:00,24
2023-08-05 18:00:00,24
2023-08-05 21:00:00,24
2023-08-06 0:00:00,24
2023-08-06 3:00:00,24
2023-08-06 6:00:00,24
2023-08-06 9:00:00,24
2023-08-06 12:00:00,24
2023-08-06 15:00:00,24
2023-08-06 18:00:00,24
2023-08-06 21:00:00,24
2023-08-07 0:00:00,24
2023-08-07 3:00:00,24
2023-08-07 6:00:00,24
2023-08-07 9:00:00,24
2023-08-07 12:00:00,24
2023-08-07 15:00:00,24
2023-08-07 18:00:00,24
2023-08-07 21:00:00,24
2023-08-08 0:00:00,24
2023-08-08 3:00:00,24
2023-08-08 6:00:00,24
2023-08-08 9:00:00,24
2023-08-08 12:00:00,24
2023-08-08 15:00:00,24
2023-08-08 18:00:00,24
2023-08-08 21:00:00,24
2023-08-09 0:00:00,24
2023-08-09 3:00:00,24
2023-08-09 6:00:00,24
2023-08-09 9:00:00,24
2023-08-09 12:00:00,24
2023-08-09 15:00:00,24
2023-08-09 18:00:00,24
2023-08-09 21:00:00,24
2023-08-10 0:00:00,24
2023-08-10 3:00:00,24
2023-08-10 6:00:00,24
2023-08-10 9:00:00,24
2023-08-10 12:00:00,24
2023-08-10 15:00:00,24
2023-08-10 18:00:00,24
2023-08-10 21:00:00,24
2023-08-11 0:00:00,24
2023-08-11 3:00:00,24
2023-08-11 6:00:00,24
2023-08-11 9:00:00,24
2023-08-11 12:00:00,24
2023-08-11 15:00:00,24
2023-08-11 18:00:00,24
2023-08-11 21:00:00,24
2023-08-12 0:00:00,24
2023-08-12 3:00:00,24
2023-08-12 6:00:00,24
2023-08-12 9:00:00,24
2023-08-12 12:00:00,24
2023-08-12 15:00:00,24
2023-08-12 18:00:00,24
2023-08-12 21:00:00,24
2023-08-13 0:00:00,24
2023-08-13 3:00:00,24
2023-08-13 6:00:00,24
2023-08-13 9:00:00,24
2023-08-13 12:00:00,24
2023-08-13 15:00:00,24
2023-08-13 18:00:00,24
2023-08-13 21:00:00,24
2023-08-14 0:00:00,24
2023-08-14 3:00:00,24
2023-08-14 6:00:00,24
2023-08-14 9:00:00,24
2023-08-14 12:00:00,24
2023-08-14 15:00:00,24
2023-08-14 18:00:00,24
2023-08-14 21:00:00,24
2023-08-15 0:00:00,24
2023-08-15 3:00:00,24
2023-08-15 6:00:00,24
2023-08-15 9:00:00,24
2023-08-15 12:00:00,24
2023-08-15 15:00:00,24
2023-08-15 18:00:00,24
2023-08-15 21:00:00,24
2023-08-16 0:00:00,24
2023-08-16 3:00:00,24
2023-08-16 6:00:00,24
2023-08-16 9:00:00,24
2023-08-16 12:00:00,24
2023-08-16 15:00:00,24
2023-08-16 18:00:00,24
2023-08-16 21:00:00,24
2023-08-17 0:00:00,24
2023-08-17 3:00:00,24
2023-08-17 6:00:00,24
2023-08-17 9:00:00,24
2023-08-17 12:00:00,24
2023-08-17 15:00:00,24
2023-08-17 18:00:00,24
2023-08-17 21:00:00,24
2023-08-18 0:00:00,24
2023-08-18 3:00:00,24
2023-08-18 6:00:00,24
2023-08-18 9:00:00,24
2023-08-18 12:00:00,24
2023-08-18 15:00:00,24
2023-08-18 18:00:00,24
2023-08-18 21:00:00,24
2023-08-19 0:00:00,24
2023-08-19 3:00:00,24
2023-08-19 6:00:00,24
2023-08-19 9:00:00,24
2023-08-19 12:00:00,24
2023-08-19 15:00:00,24
2023-08-19 18:00:00,24
2023-08-19 21:00:00,24
2023-08-20 0:00:00,24
2023-08-20 3:00:00,24
2023-08-20 6:00:00,24
2023-08-20 9:00:00,24
2023-08-20 12:00:00,24
2023-08-20 15:00:00,24
2023-08-20 18:00:00,24
2023-08-20 21:00:00,24
2023-08-21 0:00:00,24
2023-08-21 3:00:00,24
2023-08-21 6:00:00,24
2023-08-21 9:00:00,24
2023-08-21 12:00:00,24
2023-08-21 15:00:00,24
2023-08-21 18:00:00,24
2023-08-21 21:00:00,24
2023-08-22 0:00:00,24
2023-08-22 3:00:00,24
2023-08-22 6:00:00,24
2023-08-22 9:00:00,24
2023-08-22 12:00:00,24
2023-08-22 15:00:00,24
2023-08-22 18:00:00,24
2023-08-22 21:00:00,24
2023-08-23 0:00:00,24
2023-08-23 3:00:00,24
2023-08-23 6:00:00,24
2023-08-23 9:00:00,24
2023-08-23 12:00:00,24
2023-08-23 15:00:00,24
2023-08-23 18:00:00,24
2023-08-23 21:00:00,24
2023-08-24 0:00:00,24
2023-08-24 3:00:00,24
2023-08-24 6:00:00,24
2023-08-24 9:00:00,24
2023-08-24 12:00:00,24
2023-08-24 15:00:00,24
2023-08-24 18:00:00,24
2023-08-24 21:00:00,24
2023-08-25 0:00:00,24
2023-08-25 3:00:00,24
2023-08-25 6:00:00,24
2023-08-25 9:00:00,24
2023-08-25 12:00:00,24
2023-08-25 15:00:00,24
2023-08-25 18:00:00,24
2023-08-25 21:00:00,24
2023-08-26 0:00:00,24
2023-08-26 3:00:00,24
2023-08-26 6:00:00,24
2023-08-26 9:00:00,24
2023-08-26 12:00:00,24
2023-08-26 15:00:00,24
2023-08-26 18:00:00,24
2023-08-26 21:00:00,24
2023-08-27 0:00:00,24
2023-08-27 3:00:00,24
2023-08-27 6:00:00,24
2023-08-27 9:00:00,24
2023-08-27 12:00:00,24
2023-08-27 15:00:00,24
2023-08-27 18:00:00,24
2023-08-27 21:00:00,24
2023-08-28 0:00:00,24
2023-08-28 3:00:00,24
2023-08-28 6:00:00,24
2023-08-28 9:00:00,24
2023-08-28 12:00:00,24
2023-08-28 15:00:00,24
2023-08-28 18:00:00,24
2023-08-28 21:00:00,24
2023-08-29 0:00:00,24
2023-08-29 3:00:00,24
2023-08-29 6:00:00,24
2023-08-29 9:00:00,24
2023-08-29 12:00:00,24
2023-08-29 15:00:00,24
2023-08-29 18:00:00,24
2023-08-29 21:00:00,24
2023-08-30 0:00:00,24
2023-08-30 3:00:00,24
2023-08-30 6:00:00,24
2023-08-30 9:00:00,24
2023-08-30 12:00:00,24
2023-08-30 15:00:00,24
2023-08-30 18:00:00,24
2023-08-30 21:00:00,24
2023-08-31 0:00:00,24
2023-08-31 3:00:00,24
2023-08-31 6:00:00,24
2023-08-31 9:00:00,24
2023-08-31 12:00:00,24
2023-08-31 15:00:00,24
2023-08-31 18:00:00,24
2023-08-31 21:00:00,24
2023-09-01 0:00:00,24
2023-09-01 3:00:00,24
2023-09-01 6:00:00,24
2023-09-01 9:00:00,24
2023-09-01 12:00:00,24
2023-09-01 15:00:00,24
2023-09-01 18:00:00,24
2023-09-01 21:00:00,24
2023-09-02 0:00:00,24
2023-09-02 3:00:00,24
2023-09-02 6:00:00,24
2023-09-02 9:00:00,24
2023-09-02 12:00:00,24
2023-09-02 15:00:00,24
2023-09-02 18:00:00,24
2023-09-02 21:00:00,24
2023-09-03 0:00:00,24
2023-09-03 3:00:00,24
2023-09-03 6:00:00,24
2023-09-03 9:00:00,24
2023-09-03 12:00:00,24
2023-09-03 15:00:00,24
2023-09-03 18:00:00,24
2023-09-03 21:00:00,24
2023-09-04 0:00:00,24
2023-09-04 3:00:00,24
2023-09-04 6:00:00,24
2023-09-04 9:00:00,24
2023-09-04 12:00:00,24
2023-09-04 15:00:00,24
2023-09-04 18:00:00,24
2023-09-04 21:00:00,24
2023-09-05 0:00:00,24
2023-09-05 3:00:00,24
2023-09-05 6:00:00,24
2023-09-05 9:00:00,24
2023-09-05 12:00:00,24
2023-09-05 15:00:00,24
2023-09-05 18:00:00,24
2023-09-05 21:00:00,24
2023-09-06 0:00:00,24
2023-09-06 3:00:00,24
2023-09-06 6:00:00,24
2023-09-06 9:00:00,24
2023-09-06 12:00:00,24
2023-09-06 15:00:00,24
2023-09-06 18:00:00,24
2023-09-06 21:00:00,24
2023-09-07 0:00:00,24
2023-09-07 3:00:00,24
2023-09-07 6:00:00,24
2023-09-07 9:00:00,24
2023-09-07 12:00:00,24
2023-09-07 15:00:00,24
2023-09-07 18:00:00,24
2023-09-07 21:00:00,24
2023-09-08 0:00:00,24
2023-09-08 3:00:00,24
2023-09-08 6:00:00,24
2023-09-08 9:00:00,24
2023-09-08 12:00:00,24
2023-09-08 15:00:00,24
2023-09-08 18:00:00,24
2023-09-08 21:00:00,24
2023-09-09 0:00:00,24
2023-09-09 3:00:00,24
2023-09-09 6:00:00,24
2023-09-09 9:00:00,24
2023-09-09 12:00:00,24
2023-09-09 15:00:00,24
2023-09-09 18:00:00,24
2023-09-09 21:00:00,24
2023-09-10 0:00:00,24
2023-09-10 3:00:00,24
2023-09-10 6:00:00,24
2023-09-10 9:00:00,24
2023-09-10 12:00:00,24
2023-09-10 15:00:00,24
2023-09-10 18:00:00,24
2023-09-10 21:00:00,24
2023-09-11 0:00:00,24
2023-09-11 3:00:00,24
2023-09-11 6:00:00,24
2023-09-11 9:00:00,24
2023-09-11 12:00:00,24
2023-09-11 15:00:00,24
2023-09-11 18:00:00,24
2023-09-11 21:00:00,24
2023-09-12 0:00:00,24
2023-09-12 3:00:00,24
2023-09-12 6:00:00,24
2023-09-12 9:00:00,24
2023-09-12 12:00:00,24
2023-09-12 15:00:00,24
2023-09-12 18:00:00,24
2023-09-12 21:00:00,24
2023-09-13 0:00:00,24
2023-09-13 3:00:00,24
2023-09-13 6:00:00,24
2023-09-13 9:00:00,24
2023-09-13 12:00:00,24
2023-09-13 15:00:00,24
2023-09-13 18:00:00,24
2023-09-13 21:00:00,24
2023-09-14 0:00:00,24
2023-09-14 3:00:00,24
2023-09-14 6:00:00,24
2023-09-14 9:00:00,24
2023-09-14 12:00:00,24
2023-09-14 15:00:00,24
2023-09-14 18:00:00,24
2023-09-14 21:00:00,24
2023-09-15 0:00:00,24
2023-09-15 3:00:00,24
2023-09-15 6:00:00,24
2023-09-15 9:00:00,24
2023-09-15 12:00:00,24
2023-09-15 15:00:00,24
2023-09-15 18:00:00,24
2023-09-15 21:00:00,24
2023-09-16 0:00:00,24
2023-09-16 3:00:00,24
2023-09-16 6:00:00,24
2023-09-16 9:00:00,24
2023-09-16 12:00:00,24
2023-09-16 15:00:00,24
2023-09-16 18:00:00,24
2023-09-16 21:00:00,24
2023-09-17 0:00:00,24
2023-09-17 3:00:00,24
2023-09-17 6:00:00,24
2023-09-17 9:00:00,24
2023-09-17 12:00:00,24
2023-09-17 15:00:00,24
2023-09-17 18:00:00,24
2023-09-17 21:00:00,24
2023-09-18 0:00:00,24
2023-09-18 3:00:00,24
2023-09-18 6:00:00,24
2023-09-18 9:00:00,24
2023-09-18 12:00:00,24
2023-09-18 15:00:00,24
2023-09-18 18:00:00,24
2023-09-18 21:00:00,24
2023-09-19 0:00:00,24
2023-09-19 3:00:00,24
2023-09-19 6:00:00,24
2023-09-19 9:00:00,24
2023-09-19 12:00:00,24
2023-09-19 15:00:00,24
2023-09-19 18:00:00,24
2023-09-19 21:00:00,24
2023-09-20 0:00:00,24
2023-09-20 3:00:00,24
2023-09-20 6:00:00,24
2023-09-20 9:00:00,24
2023-09-20 12:00:00,24
2023-09-20 15:00:00,24
2023-09-20 18:00:00,24
2023-09-20 21:00:00,24
2023-09-21 0:00:00,24
2023-09-21 3:00:00,24
2023-09-21 6:00:00,24
2023-09-21 9:00:00,24
2023-09-21 12:00:00,24
2023-09-21 15:00:00,24
2023-09-21 18:00:00,24
2023-09-21 21:00:00,24
2023-09-22 0:00:00,24
2023-09-22 3:00:00,24
2023-09-22 6:00:00,24
2023-09-22 9:00:00,24
2023-09-22 12:00:00,24
2023-09-22 15:00:00,24
2023-09-22 18:00:00,24
2023-09-22 21:00:00,24
2023-09-23 0:00:00,24
2023-09-23 3:00:00,24
2023-09-23 6:00:00,24
2023-09-23 9:00:00,24
2023-09-23 12:00:00,24
2023-09-23 15:00:00,24
2023-09-23 18:00:00,24
2023-09-23 21:00:00,24
2023-09-24 0:00:00,24
2023-09-24 3:00:00,24
2023-09-24 6:00:00,24
2023-09-24 9:00:00,24
2023-09-24 12:00:00,24
2023-09-24 15:00:00,24
2023-09-24 18:00:00,24
2023-09-24 21:00:00,24
2023-09-25 0:00:00,24
2023-09-25 3:00:00,24
2023-09-25 6:00:00,24
2023-09-25 9:00:00,24
2023-09-25 12:00:00,24
2023-09-25 15:00:00,24
2023-09-25 18:00:00,24
2023-09-25 21:00:00,24
2023-09-26 0:00:00,24
2023-09-26 3:00:00,24
2023-09-26 6:00:00,24
2023-09-26 9:00:00,24
2023-09-26 12:00:00,24
2023-09-26 15:00:00,24
2023-09-26 18:00:00,24
2023-09-26 21:00:00,24
2023-09-27 0:00:00,24
2023-09-27 3:00:00,24
2023-09-27 6:00:00,24
2023-09-27 9:00:00,24
2023-09-27 12:00:00,24
2023-09-27 15:00:00,24
2023-09-27 18:00:00,24
2023-09-27 21:00:00,24
2023-09-28 0:00:00,24
2023-09-28 3:00:00,24
2023-09-28 6:00:00,24
2023-09-28 9:00:00,24
2023-09-28 12:00:00,24
2023-09-28 15:00:00,24
2023-09-28 18:00:00,24
2023-09-28 21:00:00,24
2023-09-29 0:00:00,24
2023-09-29 3:00:00,24
2023-09-29 6:00:00,24
2023-09-29 9:00:00,24
2023-09-29 12:00:00,24
2023-09-29 15:00:00,24
2023-09-29 18:00:00,24
2023-09-29 21:00:00,24
2023-09-30 0:00:00,24
2023-09-30 3:00:00,24
2023-09-30 6:00:00,24
2023-09-30 9:00:00,24
2023-09-30 12:00:00,24
2023-09-30 15:00:00,24
2023-09-30 18:00:00,24
2023-09-30 21:00:00,24
2023-10-01 0:00:00,24
2023-10-01 3:00:00,24
2023-10-01 6:00:00,24
2023-10-01 9:00:00,24
2023-10-01 12:00:00,24
2023-10-01 15:00:00,24
2023-10-01 18:00:00,24
2023-10-01 21:00:00,24
2023-10-02 0:00:00,24
2023-10-02 3:00:00,24
2023-10-02 6:00:00,24
2023-10-02 9:00:00,24
2023-10-02 12:00:00,24
2023-10-02 15:00:00,24
2023-10-02 18:00:00,24
2023-10-02 21:00:00,24
2023-10-03 0:00:00,24
2023-10-03 3:00:00,24
2023-10-03 6:00:00,24
2023-10-03 9:00:00,24
2023-10-03 12:00:00,24
2023-10-03 15:00:00,24
2023-10-03 18:00:00,24
2023-10-03 21:00:00,24
2023-10-04 0:00:00,24
2023-10-04 3:00:00,24
2023-10-04 6:00:00,24
2023-10-04 9:00:00,24
2023-10-04 12:00:00,24
2023-10-04 15:00:00,24
2023-10-04 18:00:00,24
2023-10-04 21:00:00,24
2023-10-05 0:00:00,24
2023-10-05 3:00:00,24
2023-10-05 6:00:00,24
2023-10-05 9:00:00,24
2023-10-05 12:00:00,24
2023-10-05 15:00:00,24
2023-10-05 18:00:00,24
2023-10-05 21:00:00,24
2023-10-06 0:00:00,24
2023-10-06 3:00:00,24
2023-10-06 6:00:00,24
2023-10-06 9:00:00,24
2023-10-06 12:00:00,24
2023-10-06 15:00:00,24
2023-10-06 18:00:00,24
2023-10-06 21:00:00,24
2023-10-07 0:00:00,24
2023-10-07 3:00:00,24
2023-10-07 6:00:00,24
2023-10-07 9:00:00,24
2023-10-07 12:00:00,24
2023-10-07 15:00:00,24
2023-10-07 18:00:00,24
2023-10-07 21:00:00,24
2023-10-08 0:00:00,24
2023-10-08 3:00:00,24
2023-10-08 6:00:00,24
2023-10-08 9:00:00,24
2023-10-08 12:00:00,24
2023-10-08 15:00:00,24
2023-10-08 18:00:00,24
2023-10-08 21:00:00,24
2023-10-09 0:00:00,24
2023-10-09 3:00:00,24
2023-10-09 6:00:00,24
2023-10-09 9:00:00,24
2023-10-09 12:00:00,24
2023-10-09 15:00:00,24
2023-10-09 18:00:00,24
2023-10-09 21:00:00,24
2023-10-10 0:00:00,24
2023-10-10 3:00:00,24
2023-10-10 6:00:00,24
2023-10-10 9:00:00,24
2023-10-10 12:00:00,24
2023-10-10 15:00:00,24
2023-10-10 18:00:00,24
2023-10-10 21:00:00,24
2023-10-11 0:00:00,24
2023-10-11 3:00:00,24
2023-10-11 6:00:00,24
2023-10-11 9:00:00,24
2023-10-11 12:00:00,24
2023-10-11 15:00:00,24
2023-10-11 18:00:00,24
2023-10-11 21:00:00,24
2023-10-12 0:00:00,24
2023-10-12 3:00:00,24
2023-10-12 6:00:00,24
2023-10-12 9:00:00,24
2023-10-12 12:00:00,24
2023-10-12 15:00:00,24
2023-10-12 18:00:00,24
2023-10-12 21:00:00,24
2023-10-13 0:00:00,24
2023-10-13 3:00:00,24
2023-10-13 6:00:00,24
2023-10-13 9:00:00,24
2023-10-13 12:00:00,24
2023-10-13 15:00:00,24
2023-10-13 18:00:00,24
2023-10-13 21:00:00,24
2023-10-14 0:00:00,24
2023-10-14 3:00:00,24
2023-10-14 6:00:00,24
2023-10-14 9:00:00,24
2023-10-14 12:00:00,24
2023-10-14 15:00:00,24
2023-10-14 18:00:00,24
2023-10-14 21:00:00,24
2023-10-15 0:00:00,24
2023-10-15 3:00:00,24
2023-10-15 6:00:00,24
2023-10-15 9:00:00,24
2023-10-15 12:00:00,24
2023-10-15 15:00:00,24
2023-10-15 18:00:00,24
2023-10-15 21:00:00,24
2023-10-16 0:00:00,24
2023-10-16 3:00:00,24
2023-10-16 6:00:00,24
2023-10-16 9:00:00,24
2023-10-16 12:00:00,24
2023-10-16 15:00:00,24
2023-10-16 18:00:00,24
2023-10-16 21:00:00,24
2023-10-17 0:00:00,24
2023-10-17 3:00:00,24
2023-10-17 6:00:00,24
2023-10-17 9:00:00,24
2023-10-17 12:00:00,24
2023-10-17 15:00:00,24
2023-10-17 18:00:00,24
2023-10-17 21:00:00,24
2023-10-18 0:00:00,24
2023-10-18 3:00:00,24
2023-10-18 6:00:00,24
2023-10-18 9:00:00,24
2023-10-18 12:00:00,24
2023-10-18 15:00:00,24
2023-10-18 18:00:00,24
2023-10-18 21:00:00,24
2023-10-19 0:00:00,24
2023-10-19 3:00:00,24
2023-10-19 6:00:00,24
2023-10-19 9:00:00,24
2023-10-19 12:00:00,24
2023-10-19 15:00:00,24
2023-10-19 18:00:00,24
2023-10-19 21:00:00,24
2023-10-20 0:00:00,24
2023-10-20 3:00:00,24
2023-10-20 6:00:00,24
2023-10-20 9:00:00,24
2023-10-20 12:00:00,24
2023-10-20 15:00:00,24
2023-10-20 18:00:00,24
2023-10-20 21:00:00,24
2023-10-21 0:00:00,24
2023-10-21 3:00:00,24
2023-10-21 6:00:00,24
2023-10-21 9:00:00,24
2023-10-21 12:00:00,24
2023-10-21 15:00:00,24
2023-10-21 18:00:00,24
2023-10-21 21:00:00,24
2023-10-22 0:00:00,24
2023-10-22 3:00:00,24
2023-10-22 6:00:00,24
2023-10-22 9:00:00,24
2023-10-22 12:00:00,24
2023-10-22 15:00:00,24
2023-10-22 18:00:00,24
2023-10-22 21:00:00,24
2023-10-23 0:00:00,24
2023-10-23 3:00:00,24
2023-10-23 6:00:00,24
2023-10-23 9:00:00,24
2023-10-23 12:00:00,24
2023-10-23 15:00:00,24
2023-10-23 18:00:00,24
2023-10-23 21:00:00,24
2023-10-24 0:00:00,24
2023-10-24 3:00:00,24
2023-10-24 6:00:00,24
2023-10-24 9:00:00,24
2023-10-24 12:00:00,24
2023-10-24 15:00:00,24
2023-10-24 18:00:00,24
2023-10-24 21:00:00,24
2023-10-25 0:00:00,24
2023-10-25 3:00:00,24
2023-10-25 6:00:00,24
2023-10-25 9:00:00,24
2023-10-25 12:00:00,24
2023-10-25 15:00:00,24
2023-10-25 18:00:00,24
2023-10-25 21:00:00,24
2023-10-26 0:00:00,24
2023-10-26 3:00:00,24
2023-10-26 6:00:00,24
2023-10-26 9:00:00,24
2023-10-26 12:00:00,24
2023-10-26 15:00:00,24
2023-10-26 18:00:00,24
2023-10-26 21:00:00,24
2023-10-27 0:00:00,24
2023-10-27 3:00:00,24
2023-10-27 6:00:00,24
2023-10-27 9:00:00,24
2023-10-27 12:00:00,24
2023-10-27 15:00:00,24
2023-10-27 18:00:00,24
2023-10-27 21:00:00,24
2023-10-28 0:00:00,24
2023-10-28 3:00:00,24
2023-10-28 6:00:00,24
2023-10-28 9:00:00,24
2023-10-28 12:00:00,24
2023-10-28 15:00:00,24
2023-10-28 18:00:00,24
2023-10-28 21:00:00,24
2023-10-29 0:00:00,24
2023-10-29 3:00:00,24
2023-10-29 6:00:00,24
2023-10-29 9:00:00,24
2023-10-29 12:00:00,24
2023-10-29 15:00:00,24
2023-10-29 18:00:00,24
2023-10-29 21:00:00,24
2023-10-30 0:00:00,24
2023-10-30 3:00:00,24
2023-10-30 6:00:00,24
2023-10-30 9:00:00,24
2023-10-30 12:00:00,24
2023-10-30 15:00:00,24
2023-10-30 18:00:00,24
2023-10-30 21:00:00,24
2023-10-31 0:00:00,24
2023-10-31 3:00:00,24
2023-10-31 6:00:00,24
2023-10-31 9:00:00,24
2023-10-31 12:00:00,24
2023-10-31 15:00:00,24
2023-10-31 18:00:00,24
2023-10-31 21:00:00,24
2023-11-01 0:00:00,24
2023-11-01 3:00:00,24
2023-11-01 6:00:00,24
2023-11-01 9:00:00,24
2023-11-01 12:00:00,24
2023-11-01 15:00:00,24
2023-11-01 18:00:00,24
2023-11-01 21:00:00,24
2023-11-02 0:00:00,24
2023-11-02 3:00:00,24
2023-11-02 6:00:00,24
2023-11-02 9:00:00,24
2023-11-02 12:00:00,24
2023-11-02 15:00:00,24
2023-11-02 18:00:00,24
2023-11-02 21:00:00,24
2023-11-03 0:00:00,24
2023-11-03 3:00:00,24
2023-11-03 6:00:00,24
2023-11-03 9:00:00,24
2023-11-03 12:00:00,24
2023-11-03 15:00:00,24
2023-11-03 18:00:00,24
2023-11-03 21:00:00,24
2023-11-04 0:00:00,24
2023-11-04 3:00:00,24
2023-11-04 6:00:00,24
2023-11-04 9:00:00,24
2023-11-04 12:00:00,24
2023-11-04 15:00:00,24
2023-11-04 18:00:00,24
2023-11-04 21:00:00,24
2023-11-05 0:00:00,24
2023-11-05 3:00:00,24
2023-11-05 6:00:00,24
2023-11-05 9:00:00,24
2023-11-05 12:00:00,24
2023-11-05 15:00:00,24
2023-11-05 18:00:00,24
2023-11-05 21:00:00,24
2023-11-06 0:00:00,24
2023-11-06 3:00:00,24
2023-11-06 6:00:00,24
2023-11-06 9:00:00,24
2023-11-06 12:00:00,24
2023-11-06 15:00:00,24
2023-11-06 18:00:00,24
2023-11-06 21:00:00,24
2023-11-07 0:00:00,24
2023-11-07 3:00:00,24
2023-11-07 6:00:00,24
2023-11-07 9:00:00,24
2023-11-07 12:00:00,24
2023-11-07 15:00:00,24
2023-11-07 18:00:00,24
2023-11-07 21:00:00,24
2023-11-08 0:00:00,24
2023-11-08 3:00:00,24
2023-11-08 6:00:00,24
2023-11-08 9:00:00,24
2023-11-08 12:00:00,24
2023-11-08 15:00:00,24
2023-11-08 18:00:00,24
2023-11-08 21:00:00,24
2023-11-09 0:00:00,24
2023-11-09 3:00:00,24
2023-11-09 6:00:00,24
2023-11-09 9:00:00,24
2023-11-09 12:00:00,24
2023-11-09 15:00:00,24
2023-11-09 18:00:00,24
2023-11-09 21:00:00,24
2023-11-10 0:00:00,24
2023-11-10 3:00:00,24
2023-11-10 6:00:00,24
2023-11-10 9:00:00,24
2023-11-10 12:00:00,24
2023-11-10 15:00:00,24
2023-11-10 18:00:00,24
2023-11-10 21:00:00,24
2023-11-11 0:00:00,24
2023-11-11 3:00:00,24
2023-11-11 6:00:00,24
2023-11-11 9:00:00,24
2023-11-11 12:00:00,24
2023-11-11 15:00:00,24
2023-11-11 18:00:00,24
2023-11-11 21:00:00,24
2023-11-12 0:00:00,24
2023-11-12 3:00:00,24
2023-11-12 6:00:00,24
2023-11-12 9:00:00,24
2023-11-12 12:00:00,24
2023-11-12 15:00:00,24
2023-11-12 18:00:00,24
2023-11-12 21:00:00,24
2023-11-13 0:00:00,24
2023-11-13 3:00:00,24
2023-11-13 6:00:00,24
2023-11-13 9:00:00,24
2023-11-13 12:00:00,24
2023-11-13 15:00:00,24
2023-11-13 18:00:00,24
2023-11-13 21:00:00,24
2023-11-14 0:00:00,24
2023-11-14 3:00:00,24
2023-11-14 6:00:00,24
2023-11-14 9:00:00,24
2023-11-14 12:00:00,24
2023-11-14 15:00:00,24
2023-11-14 18:00:00,24
2023-11-14 21:00:00,24
2023-11-15 0:00:00,24
2023-11-15 3:00:00,24
2023-11-15 6:00:00,24
2023-11-15 9:00:00,24
2023-11-15 12:00:00,24
2023-11-15 15:00:00,24
2023-11-15 18:00:00,24
2023-11-15 21:00:00,24
2023-11-16 0:00:00,24
2023-11-16 3:00:00,24
2023-11-16 6:00:00,24
2023-11-16 9:00:00,24
2023-11-16 12:00:00,24
2023-11-16 15:00:00,24
2023-11-16 18:00:00,24
2023-11-16 21:00:00,24
2023-11-17 0:00:00,24
2023-11-17 3:00:00,24
2023-11-17 6:00:00,24
2023-11-17 9:00:00,24
2023-11-17 12:00:00,24
2023-11-17 15:00:00,24
2023-11-17 18:00:00,24
2023-11-17 21:00:00,24
2023-11-18 0:00:00,24
2023-11-18 3:00:00,24
2023-11-18 6:00:00,24
2023-11-18 9:00:00,24
2023-11-18 12:00:00,24
2023-11-18 15:00:00,24
2023-11-18 18:00:00,24
2023-11-18 21:00:00,24
2023-11-19 0:00:00,24
2023-11-19 3:00:00,24
2023-11-19 6:00:00,24
2023-11-19 9:00:00,24
2023-11-19 12:00:00,24
2023-11-19 15:00:00,24
2023-11-19 18:00:00,24
2023-11-19 21:00:00,24
2023-11-20 0:00:00,24
2023-11-20 3:00:00,24
2023-11-20 6:00:00,24
2023-11-20 9:00:00,24
2023-11-20 12:00:00,24
2023-11-20 15:00:00,24
2023-11-20 18:00:00,24
2023-11-20 21:00:00,24
2023-11-21 0:00:00,24
2023-11-21 3:00:00,24
2023-11-21 6:00:00,24
2023-11-21 9:00:00,24
2023-11-21 12:00:00,24
2023-11-21 15:00:00,24
2023-11-21 18:00:00,24
2023-11-21 21:00:00,24
2023-11-22 0:00:00,24
2023-11-22 3:00:00,24
2023-11-22 6:00:00,24
2023-11-22 9:00:00,24
2023-11-22 12:00:00,24
2023-11-22 15:00:00,24
2023-11-22 18:00:00,24
2023-11-22 21:00:00,24
2023-11-23 0:00:00,24
2023-11-23 3:00:00,24
2023-11-23 6:00:00,24
2023-11-23 9:00:00,24
2023-11-23 12:00:00,24
2023-11-23 15:00:00,24
2023-11-23 18:00:00,24
2023-11-23 21:00:00,24
2023-11-24 0:00:00,24
2023-11-24 3:00:00,24
2023-11-24 6:00:00,24
2023-11-24 9:00:00,24
2023-11-24 12:00:00,24
2023-11-24 15:00:00,24
2023-11-24 18:00:00,24
2023-11-24 21:00:00,24
2023-11-25 0:00:00,24
2023-11-25 3:00:00,24
2023-11-25 6:00:00,24
2023-11-25 9:00:00,24
2023-11-25 12:00:00,24
2023-11-25 15:00:00,24
2023-11-25 18:00:00,24
2023-11-25 21:00:00,24
2023-11-26 0:00:00,24
2023-11-26 3:00:00,24
2023-11-26 6:00:00,24
2023-11-26 9:00:00,24
2023-11-26 12:00:00,24
2023-11-26 15:00:00,24
2023-11-26 18:00:00,24
2023-11-26 21:00:00,24
2023-11-27 0:00:00,24
2023-11-27 3:00:00,24
2023-11-27 6:00:00,24
2023-11-27 9:00:00,24
2023-11-27 12:00:00,24
2023-11-27 15:00:00,24
2023-11-27 18:00:00,24
2023-11-27 21:00:00,24
2023-11-28 0:00:00,24
2023-11-28 3:00:00,24
2023-11-28 6:00:00,24
2023-11-28 9:00:00,24
2023-11-28 12:00:00,24
2023-11-28 15:00:00,24
2023-11-28 18:00:00,24
2023-11-28 21:00:00,24
2023-11-29 0:00:00,24
2023-11-29 3:00:00,24
2023-11-29 6:00:00,24
2023-11-29 9:00:00,24
2023-11-29 12:00:00,24
2023-11-29 15:00:00,24
2023-11-29 18:00:00,24
2023-11-29 21:00:00,24
2023-11-30 0:00:00,24
2023-11-30 3:00:00,24
2023-11-30 6:00:00,24
2023-11-30 9:00:00,24
2023-11-30 12:00:00,24
2023-11-30 15:00:00,24
2023-11-30 18:00:00,24
2023-11-30 21:00:00,24
2023-12-01 0:00:00,24
2023-12-01 3:00:00,24
2023-12-01 6:00:00,24
2023-12-01 9:00:00,24
2023-12-01 12:00:00,24
2023-12-01 15:00:00,24
2023-12-01 18:00:00,24
2023-12-01 21:00:00,24
2023-12-02 0:00:00,24
2023-12-02 3:00:00,24
2023-12-02 6:00:00,24
2023-12-02 9:00:00,24
2023-12-02 12:00:00,24
2023-12-02 15:00:00,24
2023-12-02 18:00:00,24
2023-12-02 21:00:00,24
2023-12-03 0:00:00,24
2023-12-03 3:00:00,24
2023-12-03 6:00:00,24
2023-12-03 9:00:00,24
2023-12-03 12:00:00,24
2023-12-03 15:00:00,24
2023-12-03 18:00:00,24
2023-12-03 21:00:00,24
2023-12-04 0:00:00,24
2023-12-04 3:00:00,24
2023-12-04 6:00:00,24
2023-12-04 9:00:00,24
2023-12-04 12:00:00,24
2023-12-04 15:00:00,24
2023-12-04 18:00:00,24
2023-12-04 21:00:00,24
2023-12-05 0:00:00,24
2023-12-05 3:00:00,24
2023-12-05 6:00:00,24
2023-12-05 9:00:00,24
2023-12-05 12:00:00,24
2023-12-05 15:00:00,24
2023-12-05 18:00:00,24
2023-12-05 21:00:00,24
2023-12-06 0:00:00,24
2023-12-06 3:00:00,24
2023-12-06 6:00:00,24
2023-12-06 9:00:00,24
2023-12-06 12:00:00,24
2023-12-06 15:00:00,24
2023-12-06 18:00:00,24
2023-12-06 21:00:00,24
2023-12-07 0:00:00,24
2023-12-07 3:00:00,24
2023-12-07 6:00:00,24
2023-12-07 9:00:00,24
2023-12-07 12:00:00,24
2023-12-07 15:00:00,24
2023-12-07 18:00:00,24
2023-12-07 21:00:00,24
2023-12-08 0:00:00,24
2023-12-08 3:00:00,24
2023-12-08 6:00:00,24
2023-12-08 9:00:00,24
2023-12-08 12:00:00,24
2023-12-08 15:00:00,24
2023-12-08 18:00:00,24
2023-12-08 21:00:00,24
2023-12-09 0:00:00,24
2023-12-09 3:00:00,24
2023-12-09 6:00:00,24
2023-12-09 9:00:00,24
2023-12-09 12:00:00,24
2023-12-09 15:00:00,24
2023-12-09 18:00:00,24
2023-12-09 21:00:00,24
2023-12-10 0:00:00,24
2023-12-10 3:00:00,24
2023-12-10 6:00:00,24
2023-12-10 9:00:00,24
2023-12-10 12:00:00,24
2023-12-10 15:00:00,24
2023-12-10 18:00:00,24
2023-12-10 21:00:00,24
2023-12-11 0:00:00,24
2023-12-11 3:00:00,24
2023-12-11 6:00:00,24
2023-12-11 9:00:00,24
2023-12-11 12:00:00,24
2023-12-11 15:00:00,24
2023-12-11 18:00:00,24
2023-12-11 21:00:00,24
2023-12-12 0:00:00,24
2023-12-12 3:00:00,24
2023-12-12 6:00:00,24
2023-12-12 9:00:00,24
2023-12-12 12:00:00,24
2023-12-12 15:00:00,24
2023-12-12 18:00:00,24
2023-12-12 21:00:00,24
2023-12-13 0:00:00,24
2023-12-13 3:00:00,24
2023-12-13 6:00:00,24
2023-12-13 9:00:00,24
2023-12-13 12:00:00,24
2023-12-13 15:00:00,24
2023-12-13 18:00:00,24
2023-12-13 21:00:00,24
2023-12-14 0:00:00,24
2023-12-14 3:00:00,24
2023-12-14 6:00:00,24
2023-12-14 9:00:00,24
2023-12-14 12:00:00,24
2023-12-14 15:00:00,24
2023-12-14 18:00:00,24
2023-12-14 21:00:00,24
2023-12-15 0:00:00,24
2023-12-15 3:00:00,24
2023-12-15 6:00:00,24
2023-12-15 9:00:00,24
2023-12-15 12:00:00,24
2023-12-15 15:00:00,24
2023-12-15 18:00:00,24
2023-12-15 21:00:00,24
2023-12-16 0:00:00,24
2023-12-16 3:00:00,24
2023-12-16 6:00:00,24
2023-12-16 9:00:00,24
2023-12-16 12:00:00,24
2023-12-16 15:00:00,24
2023-12-16 18:00:00,24
2023-12-16 21:00:00,24
2023-12-17 0:00:00,24
2023-12-17 3:00:00,24
2023-12-17 6:00:00,24
2023-12-17 9:00:00,24
2023-12-17 12:00:00,24
2023-12-17 15:00:00,24
2023-12-17 18:00:00,24
2023-12-17 21:00:00,24
2023-12-18 0:00:00,24
2023-12-18 3:00:00,24
2023-12-18 6:00:00,24
2023-12-18 9:00:00,24
2023-12-18 12:00:00,24
2023-12-18 15:00:00,24
2023-12-18 18:00:00,24
2023-12-18 21:00:00,24
2023-12-19 0:00:00,24
2023-12-19 3:00:00,24
2023-12-19 6:00:00,24
2023-12-19 9:00:00,24
2023-12-19 12:00:00,24
2023-12-19 15:00:00,24
2023-12-19 18:00:00,24
2023-12-19 21:00:00,24
2023-12-20 0:00:00,24
2023-12-20 3:00:00,24
2023-12-20 6:00:00,24
2023-12-20 9:00:00,24
2023-12-20 12:00:00,24
2023-12-20 15:00:00,24
2023-12-20 18:00:00,24
2023-12-20 21:00:00,24
2023-12-21 0:00:00,24
2023-12-21 3:00:00,24
2023-12-21 6:00:00,24
2023-12-21 9:00:00,24
2023-12-21 12:00:00,24
2023-12-21 15:00:00,24
2023-12-21 18:00:00,24
2023-12-21 21:00:00,24
2023-12-22 0:00:00,24
2023-12-22 3:00:00,24
2023-12-22 6:00:00,24
2023-12-22 9:00:00,24
2023-12-22 12:00:00,24
2023-12-22 15:00:00,24
2023-12-22 18:00:00,24
2023-12-22 21:00:00,24
2023-12-23 0:00:00,24
2023-12-23 3:00:00,24
2023-12-23 6:00:00,24
2023-12-23 9:00:00,24
2023-12-23 12:00:00,24
2023-12-23 15:00:00,24
2023-12-23 18:00:00,24
2023-12-23 21:00:00,24
2023-12-24 0:00:00,24
2023-12-24 3:00:00,24
2023-12-24 6:00:00,24
2023-12-24 9:00:00,24
2023-12-24 12:00:00,24
2023-12-24 15:00:00,24
2023-12-24 18:00:00,24
2023-12-24 21:00:00,24
2023-12-25 0:00:00,24
2023-12-25 3:00:00,24
2023-12-25 6:00:00,24
2023-12-25 9:00:00,24
2023-12-25 12:00:00,24
2023-12-25 15:00:00,24
2023-12-25 18:00:00,24
2023-12-25 21:00:00,24
2023-12-26 0:00:00,24
2023-12-26 3:00:00,24
2023-12-26 6:00:00,24
2023-12-26 9:00:00,24
2023-12-26 12:00:00,24
2023-12-26 15:00:00,24
2023-12-26 18:00:00,24
2023-12-26 21:00:00,24
2023-12-27 0:00:00,24
2023-12-27 3:00:00,24
2023-12-27 6:00:00,24
2023-12-27 9:00:00,24
2023-12-27 12:00:00,24
2023-12-27 15:00:00,24
2023-12-27 18:00:00,24
2023-12-27 21:00:00,24
2023-12-28 0:00:00,24
2023-12-28 3:00:00,24
2023-12-28 6:00:00,24
2023-12-28 9:00:00,24
2023-12-28 12:00:00,24
2023-12-28 15:00:00,24
2023-12-28 18:00:00,24
2023-12-28 21:00:00,24
2023-12-29 0:00:00,24
2023-12-29 3:00:00,24
2023-12-29 6:00:00,24
2023-12-29 9:00:00,24
2023-12-29 12:00:00,24
2023-12-29 15:00:00,24
2023-12-29 18:00:00,24
2023-12-29 21:00:00,24
2023-12-30 0:00:00,24
2023-12-30 3:00:00,24
2023-12-30 6:00:00,24
2023-12-30 9:00:00,24
2023-12-30 12:00:00,24
2023-12-30 15:00:00,24
2023-12-30 18:00:00,24
2023-12-30 21:00:00,24
2023-12-31 0:00:00,24
2023-12-31 3:00:00,24
2023-12-31 6:00:00,24
2023-12-31 9:00:00,24
2023-12-31 12:00:00,24
2023-12-31 15:00:00,24
2023-12-31 18:00:00,24
2023-12-31 21:00:00,24
2024-01-01 0:00:00,24
2024-01-01 3:00:00,24
2024-01-01 6:00:00,24
2024-01-01 9:00:00,24
2024-01-01 12:00:00,24
2024-01-01 15:00:00,24
2024-01-01 18:00:00,24
2024-01-01 21:00:00,24
2024-01-02 0:00:00,24
2024-01-02 3:00:00,24
2024-01-02 6:00:00,24
2024-01-02 9:00:00,24
2024-01-02 12:00:00,24
2024-01-02 15:00:00,24
2024-01-02 18:00:00,24
2024-01-02 21:00:00,24
2024-01-03 0:00:00,24
2024-01-03 3:00:00,24
2024-01-03 6:00:00,24
2024-01-03 9:00:00,24
2024-01-03 12:00:00,24
2024-01-03 15:00:00,24
2024-01-03 18:00:00,24
2024-01-03 21:00:00,24
2024-01-04 0:00:00,24
2024-01-04 3:00:00,24
2024-01-04 6:00:00,24
2024-01-04 9:00:00,24
2024-01-04 12:00:00,24
2024-01-04 15:00:00,24
2024-01-04 18:00:00,24
2024-01-04 21:00:00,24
2024-01-05 0:00:00,24
2024-01-05 3:00:00,24
2024-01-05 6:00:00,24
2024-01-05 9:00:00,24
2024-01-05 12:00:00,24
2024-01-05 15:00:00,24
2024-01-05 18:00:00,24
2024-01-05 21:00:00,24
2024-01-06 0:00:00,24
2024-01-06 3:00:00,24
2024-01-06 6:00:00,24
2024-01-06 9:00:00,24
2024-01-06 12:00:00,24
2024-01-06 15:00:00,24
2024-01-06 18:00:00,24
2024-01-06 21:00:00,24
2024-01-07 0:00:00,24
2024-01-07 3:00:00,24
2024-01-07 6:00:00,24
2024-01-07 9:00:00,24
2024-01-07 12:00:00,24
2024-01-07 15:00:00,24
2024-01-07 18:00:00,24
2024-01-07 21:00:00,24
2024-01-08 0:00:00,24
2024-01-08 3:00:00,24
2024-01-08 6:00:00,24
2024-01-08 9:00:00,24
2024-01-08 12:00:00,24
2024-01-08 15:00:00,24
2024-01-08 18:00:00,24
2024-01-08 21:00:00,24
2024-01-09 0:00:00,24
2024-01-09 3:00:00,24
2024-01-09 6:00:00,24
2024-01-09 9:00:00,24
2024-01-09 12:00:00,24
2024-01-09 15:00:00,24
2024-01-09 18:00:00,24
2024-01-09 21:00:00,24
2024-01-10 0:00:00,24
2024-01-10 3:00:00,24
2024-01-10 6:00:00,24
2024-01-10 9:00:00,24
2024-01-10 12:00:00,24
2024-01-10 15:00:00,24
2024-01-10 18:00:00,24
2024-01-10 21:00:00,24
2024-01-11 0:00:00,24
2024-01-11 3:00:00,24
2024-01-11 6:00:00,24
2024-01-11 9:00:00,24
2024-01-11 12:00:00,24
2024-01-11 15:00:00,24
2024-01-11 18:00:00,24
2024-01-11 21:00:00,24
2024-01-12 0:00:00,24
2024-01-12 3:00:00,24
2024-01-12 6:00:00,24
2024-01-12 9:00:00,24
2024-01-12 12:00:00,24
2024-01-12 15:00:00,24
2024-01-12 18:00:00,24
2024-01-12 21:00:00,24
2024-01-13 0:00:00,24
2024-01-13 3:00:00,24
2024-01-13 6:00:00,24
2024-01-13 9:00:00,24
2024-01-13 12:00:00,24
2024-01-13 15:00:00,24
2024-01-13 18:00:00,24
2024-01-13 21:00:00,24
2024-01-14 0:00:00,24
2024-01-14 3:00:00,24
2024-01-14 6:00:00,24
2024-01-14 9:00:00,24
2024-01-14 12:00:00,24
2024-01-14 15:00:00,24
2024-01-14 18:00:00,24
2024-01-14 21:00:00,24
2024-01-15 0:00:00,24
2024-01-15 3:00:00,24
2024-01-15 6:00:00,24
2024-01-15 9:00:00,24
2024-01-15 12:00:00,24
2024-01-15 15:00:00,24
2024-01-15 18:00:00,24
2024-01-15 21:00:00,24
2024-01-16 0:00:00,24
2024-01-16 3:00:00,24
2024-01-16 6:00:00,24
2024-01-16 9:00:00,24
2024-01-16 12:00:00,24
2024-01-16 15:00:00,24
2024-01-16 18:00:00,24
2024-01-16 21:00:00,24
2024-01-17 0:00:00,24
2024-01-17 3:00:00,24
2024-01-17 6:00:00,24
2024-01-17 9:00:00,24
2024-01-17 12:00:00,24
2024-01-17 15:00:00,24
2024-01-17 18:00:00,24
2024-01-17 21:00:00,24
2024-01-18 0:00:00,24
2024-01-18 3:00:00,24
2024-01-18 6:00:00,24
2024-01-18 9:00:00,24
2024-01-18 12:00:00,24
2024-01-18 15:00:00,24
2024-01-18 18:00:00,24
2024-01-18 21:00:00,24
2024-01-19 0:00:00,24
2024-01-19 3:00:00,24
2024-01-19 6:00:00,24
2024-01-19 9:00:00,24
2024-01-19 12:00:00,24
2024-01-19 15:00:00,24
2024-01-19 18:00:00,24
2024-01-19 21:00:00,24
2024-01-20 0:00:00,24
2024-01-20 3:00:00,24
2024-01-20 6:00:00,24
2024-01-20 9:00:00,24
2024-01-20 12:00:00,24
2024-01-20 15:00:00,24
2024-01-20 18:00:00,24
2024-01-20 21:00:00,24
2024-01-21 0:00:00,24
2024-01-21 3:00:00,24
2024-01-21 6:00:00,24
2024-01-21 9:00:00,24
2024-01-21 12:00:00,24
2024-01-21 15:00:00,24
2024-01-21 18:00:00,24
2024-01-21 21:00:00,24
2024-01-22 0:00:00,24
2024-01-22 3:00:00,24
2024-01-22 6:00:00,24
2024-01-22 9:00:00,24
2024-01-22 12:00:00,24
2024-01-22 15:00:00,24
2024-01-22 18:00:00,24
2024-01-22 21:00:00,24
2024-01-23 0:00:00,24
2024-01-23 3:00:00,24
2024-01-23 6:00:00,24
2024-01-23 9:00:00,24
2024-01-23 12:00:00,24
2024-01-23 15:00:00,24
2024-01-23 18:00:00,24
2024-01-23 21:00:00,24
2024-01-24 0:00:00,24
2024-01-24 3:00:00,24
2024-01-24 6:00:00,24
2024-01-24 9:00:00,24
2024-01-24 12:00:00,24
2024-01-24 15:00:00,24
2024-01-24 18:00:00,24
2024-01-24 21:00:00,24
2024-01-25 0:00:00,24
2024-01-25 3:00:00,24
2024-01-25 6:00:00,24
2024-01-25 9:00:00,24
2024-01-25 12:00:00,24
2024-01-25 15:00:00,24
2024-01-25 18:00:00,24
2024-01-25 21:00:00,24
2024-01-26 0:00:00,24
2024-01-26 3:00:00,24
2024-01-26 6:00:00,24
2024-01-26 9:00:00,24
2024-01-26 12:00:00,24
2024-01-26 15:00:00,24
2024-01-26 18:00:00,24
2024-01-26 21:00:00,24
2024-01-27 0:00:00,24
2024-01-27 3:00:00,24
2024-01-27 6:00:00,24
2024-01-27 9:00:00,24
2024-01-27 12:00:00,24
2024-01-27 15:00:00,24
2024-01-27 18:00:00,24
2024-01-27 21:00:00,24
2024-01-28 0:00:00,24
2024-01-28 3:00:00,24
2024-01-28 6:00:00,24
2024-01-28 9:00:00,24
2024-01-28 12:00:00,24
2024-01-28 15:00:00,24
2024-01-28 18:00:00,24
2024-01-28 21:00:00,24
2024-01-29 0:00:00,24
2024-01-29 3:00:00,24
2024-01-29 6:00:00,24
2024-01-29 9:00:00,24
2024-01-29 12:00:00,24
2024-01-29 15:00:00,24
2024-01-29 18:00:00,24
2024-01-29 21:00:00,24
2024-01-30 0:00:00,24
2024-01-30 3:00:00,24
2024-01-30 6:00:00,24
2024-01-30 9:00:00,24
2024-01-30 12:00:00,24
2024-01-30 15:00:00,24
2024-01-30 18:00:00,24
2024-01-30 21:00:00,24
2024-01-31 0:00:00,24
2024-01-31 3:00:00,24
2024-01-31 6:00:00,24
2024-01-31 9:00:00,24
2024-01-31 12:00:00,24
2024-01-31 15:00:00,24
2024-01-31 18:00:00,24
2024-01-31 21:00:00,24
2024-02-01 0:00:00,24
2024-02-01 3:00:00,24
2024-02-01 6:00:00,24
2024-02-01 9:00:00,24
2024-02-01 12:00:00,24
2024-02-01 15:00:00,24
2024-02-01 18:00:00,24
2024-02-01 21:00:00,24
2024-02-02 0:00:00,24
2024-02-02 3:00:00,24
2024-02-02 6:00:00,24
2024-02-02 9:00:00,24
2024-02-02 12:00:00,24
2024-02-02 15:00:00,24
2024-02-02 18:00:00,24
2024-02-02 21:00:00,24
2024-02-03 0:00:00,24
2024-02-03 3:00:00,24
2024-02-03 6:00:00,24
2024-02-03 9:00:00,24
2024-02-03 12:00:00,24
2024-02-03 15:00:00,24
2024-02-03 18:00:00,24
2024-02-03 21:00:00,24
2024-02-04 0:00:00,24
2024-02-04 3:00:00,24
2024-02-04 6:00:00,24
2024-02-04 9:00:00,24
2024-02-04 12:00:00,24
2024-02-04 15:00:00,24
2024-02-04 18:00:00,24
2024-02-04 21:00:00,24
2024-02-05 0:00:00,24
2024-02-05 3:00:00,24
2024-02-05 6:00:00,24
2024-02-05 9:00:00,24
2024-02-05 12:00:00,24
2024-02-05 15:00:00,24
2024-02-05 18:00:00,24
2024-02-05 21:00:00,24
2024-02-06 0:00:00,24
2024-02-06 3:00:00,24
2024-02-06 6:00:00,24
2024-02-06 9:00:00,24
2024-02-06 12:00:00,24
2024-02-06 15:00:00,24
2024-02-06 18:00:00,24
2024-02-06 21:00:00,24
2024-02-07 0:00:00,24
2024-02-07 3:00:00,24
2024-02-07 6:00:00,24
2024-02-07 9:00:00,24
2024-02-07 12:00:00,24
2024-02-07 15:00:00,24
2024-02-07 18:00:00,24
2024-02-07 21:00:00,24
2024-02-08 0:00:00,24
2024-02-08 3:00:00,24
2024-02-08 6:00:00,24
2024-02-08 9:00:00,24
2024-02-08 12:00:00,24
2024-02-08 15:00:00,24
2024-02-08 18:00:00,24
2024-02-08 21:00:00,24
2024-02-09 0:00:00,24
2024-02-09 3:00:00,24
2024-02-09 6:00:00,24
2024-02-09 9:00:00,24
2024-02-09 12:00:00,24
2024-02-09 15:00:00,24
2024-02-09 18:00:00,24
2024-02-09 21:00:00,24
2024-02-10 0:00:00,24
2024-02-10 3:00:00,24
2024-02-10 6:00:00,24
2024-02-10 9:00:00,24
2024-02-10 12:00:00,24
2024-02-10 15:00:00,24
2024-02-10 18:00:00,24
2024-02-10 21:00:00,24
2024-02-11 0:00:00,24
2024-02-11 3:00:00,24
2024-02-11 6:00:00,24
2024-02-11 9:00:00,24
2024-02-11 12:00:00,24
2024-02-11 15:00:00,24
2024-02-11 18:00:00,24
2024-02-11 21:00:00,24
2024-02-12 0:00:00,24
2024-02-12 3:00:00,24
2024-02-12 6:00:00,24
2024-02-12 9:00:00,24
2024-02-12 12:00:00,24
2024-02-12 15:00:00,24
2024-02-12 18:00:00,24
2024-02-12 21:00:00,24
2024-02-13 0:00:00,24
2024-02-13 3:00:00,24
2024-02-13 6:00:00,24
2024-02-13 9:00:00,24
2024-02-13 12:00:00,24
2024-02-13 15:00:00,24
2024-02-13 18:00:00,24
2024-02-13 21:00:00,24
2024-02-14 0:00:00,24
2024-02-14 3:00:00,24
2024-02-14 6:00:00,24
2024-02-14 9:00:00,24
2024-02-14 12:00:00,24
2024-02-14 15:00:00,24
2024-02-14 18:00:00,24
2024-02-14 21:00:00,24
2024-02-15 0:00:00,24